x-axis,1,2
second,Volt,Volt
-51.0000E-03,-39.1175E-03,+41.1275E-03
-50.8700E-03,-39.1175E-03,+41.1275E-03
-50.7400E-03,-39.1175E-03,+41.1275E-03
-50.6100E-03,-39.1175E-03,+41.1275E-03
-50.4800E-03,-39.1175E-03,+38.8701E-03
-50.3500E-03,-39.1175E-03,+38.6149E-03
-50.2200E-03,-39.1175E-03,+39.6741E-03
-50.0900E-03,-39.1175E-03,+38.6149E-03
-49.9600E-03,-39.1175E-03,+41.1275E-03
-49.8300E-03,-39.1175E-03,+41.1275E-03
-49.7000E-03,-39.1175E-03,+40.9729E-03
-49.5700E-03,-39.1175E-03,+41.1275E-03
-49.4400E-03,-39.1175E-03,+41.1275E-03
-49.3100E-03,-37.9656E-03,+41.1275E-03
-49.1800E-03,-36.6049E-03,+41.1275E-03
-49.0500E-03,-38.7696E-03,+41.1275E-03
-48.9200E-03,-36.6590E-03,+41.1275E-03
-48.7900E-03,-36.6049E-03,+41.1275E-03
-48.6600E-03,-36.6049E-03,+41.1275E-03
-48.5300E-03,-36.6049E-03,+41.1275E-03
-48.4000E-03,-36.6049E-03,+41.1275E-03
-48.2700E-03,-36.6049E-03,+41.5759E-03
-48.1400E-03,-36.6049E-03,+41.1275E-03
-48.0100E-03,-36.6049E-03,+41.4831E-03
-47.8800E-03,-36.6049E-03,+43.6401E-03
-47.7500E-03,-36.6049E-03,+43.6401E-03
-47.6200E-03,-36.6049E-03,+41.1275E-03
-47.4900E-03,-36.6049E-03,+41.1275E-03
-47.3600E-03,-36.6049E-03,+41.1275E-03
-47.2300E-03,-36.6049E-03,+41.1275E-03
-47.1000E-03,-34.7495E-03,+41.1275E-03
-46.9700E-03,-36.6049E-03,+38.6149E-03
-46.8400E-03,-34.0923E-03,+41.1275E-03
-46.7100E-03,-34.0923E-03,+38.6149E-03
-46.5800E-03,-34.0923E-03,+41.1275E-03
-46.4500E-03,-34.0923E-03,+41.1275E-03
-46.3200E-03,-34.0923E-03,+38.6149E-03
-46.1900E-03,-34.0923E-03,+41.1275E-03
-46.0600E-03,-34.0923E-03,+41.1275E-03
-45.9300E-03,-34.0923E-03,+41.1275E-03
-45.8000E-03,-34.0923E-03,+41.1275E-03
-45.6700E-03,-34.0923E-03,+41.1275E-03
-45.5400E-03,-34.0923E-03,+41.1275E-03
-45.4100E-03,-34.0923E-03,+41.1275E-03
-45.2800E-03,-34.0923E-03,+41.1275E-03
-45.1500E-03,-34.0923E-03,+41.1275E-03
-45.0200E-03,-36.6049E-03,+41.1275E-03
-44.8900E-03,-36.6049E-03,+41.1739E-03
-44.7600E-03,-36.6049E-03,+43.6401E-03
-44.6300E-03,-36.6049E-03,+43.6401E-03
-44.5000E-03,-36.6049E-03,+43.6401E-03
-44.3700E-03,-36.6049E-03,+43.6401E-03
-44.2400E-03,-36.6049E-03,+43.6401E-03
-44.1100E-03,-36.6049E-03,+43.6401E-03
-43.9800E-03,-36.6049E-03,+43.6401E-03
-43.8500E-03,-36.6049E-03,+43.6401E-03
-43.7200E-03,-36.6049E-03,+43.6401E-03
-43.5900E-03,-36.6049E-03,+43.6401E-03
-43.4600E-03,-37.2543E-03,+43.6401E-03
-43.3300E-03,-36.6049E-03,+43.6401E-03
-43.2000E-03,-36.7595E-03,+43.6401E-03
-43.0700E-03,-39.1175E-03,+43.6401E-03
-42.9400E-03,-38.1588E-03,+43.6401E-03
-42.8100E-03,-39.1175E-03,+46.1526E-03
-42.6800E-03,-39.1175E-03,+44.3900E-03
-42.5500E-03,-39.1175E-03,+43.6401E-03
-42.4200E-03,-39.1175E-03,+43.6942E-03
-42.2900E-03,-39.1175E-03,+43.6401E-03
-42.1600E-03,-39.1175E-03,+43.6401E-03
-42.0300E-03,-39.1175E-03,+43.6401E-03
-41.9000E-03,-39.1175E-03,+43.6401E-03
-41.7700E-03,-39.1175E-03,+41.5759E-03
-41.6400E-03,-39.1175E-03,+41.1275E-03
-41.5100E-03,-39.1175E-03,+41.1275E-03
-41.3800E-03,-39.1175E-03,+41.1275E-03
-41.2500E-03,-39.1175E-03,+41.1275E-03
-41.1200E-03,-39.1175E-03,+41.1275E-03
-40.9900E-03,-39.1175E-03,+41.1275E-03
-40.8600E-03,-39.1175E-03,+41.1275E-03
-40.7300E-03,-39.1175E-03,+41.1275E-03
-40.6000E-03,-39.1175E-03,+41.1275E-03
-40.4700E-03,-39.1175E-03,+41.1275E-03
-40.3400E-03,-39.1175E-03,+41.1275E-03
-40.2100E-03,-39.1175E-03,+41.1275E-03
-40.0800E-03,-39.1175E-03,+41.1275E-03
-39.9500E-03,-39.1175E-03,+41.1275E-03
-39.8200E-03,-39.1175E-03,+41.1275E-03
-39.6900E-03,-39.1175E-03,+41.1275E-03
-39.5600E-03,-39.1175E-03,+41.1275E-03
-39.4300E-03,-39.1175E-03,+41.1275E-03
-39.3000E-03,-39.1175E-03,+41.1275E-03
-39.1700E-03,-39.1175E-03,+41.1275E-03
-39.0400E-03,-39.1175E-03,+41.1275E-03
-38.9100E-03,-39.1175E-03,+41.1275E-03
-38.7800E-03,-39.1175E-03,+41.1275E-03
-38.6500E-03,-39.1175E-03,+41.1275E-03
-38.5200E-03,-39.1175E-03,+41.1275E-03
-38.3900E-03,-39.1175E-03,+41.1275E-03
-38.2600E-03,-39.1175E-03,+43.6401E-03
-38.1300E-03,-39.1175E-03,+43.6401E-03
-38.0000E-03,-39.1175E-03,+43.6401E-03
-37.8700E-03,-39.1175E-03,+43.6401E-03
-37.7400E-03,-39.1175E-03,+45.6037E-03
-37.6100E-03,-39.1175E-03,+46.1526E-03
-37.4800E-03,-39.1175E-03,+43.8952E-03
-37.3500E-03,-39.1175E-03,+44.2972E-03
-37.2200E-03,-39.1175E-03,+43.6401E-03
-37.0900E-03,-39.1175E-03,+43.6401E-03
-36.9600E-03,-39.1175E-03,+43.6401E-03
-36.8300E-03,-39.1175E-03,+43.6401E-03
-36.7000E-03,-39.1175E-03,+43.6401E-03
-36.5700E-03,-39.1175E-03,+43.6401E-03
-36.4400E-03,-39.1175E-03,+43.6401E-03
-36.3100E-03,-39.1175E-03,+43.6401E-03
-36.1800E-03,-39.1175E-03,+43.6401E-03
-36.0500E-03,-39.1175E-03,+43.6401E-03
-35.9200E-03,-39.1175E-03,+41.1816E-03
-35.7900E-03,-39.1175E-03,+43.1839E-03
-35.6600E-03,-39.1175E-03,+41.9856E-03
-35.5300E-03,-40.3776E-03,+43.6401E-03
-35.4000E-03,-39.1175E-03,+43.6401E-03
-35.2700E-03,-39.1175E-03,+41.5759E-03
-35.1400E-03,-41.5836E-03,+43.6401E-03
-35.0100E-03,-39.1175E-03,+43.6401E-03
-34.8800E-03,-39.1175E-03,+43.6401E-03
-34.7500E-03,-39.1175E-03,+42.2871E-03
-34.6200E-03,-40.6791E-03,+42.0784E-03
-34.4900E-03,-39.1175E-03,+43.0912E-03
-34.3600E-03,-39.1175E-03,+43.6401E-03
-34.2300E-03,-39.1175E-03,+41.1275E-03
-34.1000E-03,-36.6049E-03,+41.1275E-03
-33.9700E-03,-36.6049E-03,+41.1275E-03
-33.8400E-03,-36.6049E-03,+41.1275E-03
-33.7100E-03,-36.6049E-03,+41.1275E-03
-33.5800E-03,-36.6049E-03,+41.1275E-03
-33.4500E-03,-36.6049E-03,+38.7696E-03
-33.3200E-03,-36.6049E-03,+41.1275E-03
-33.1900E-03,-36.6049E-03,+41.1275E-03
-33.0600E-03,-36.6049E-03,+41.1275E-03
-32.9300E-03,-36.6049E-03,+41.1275E-03
-32.8000E-03,-36.6049E-03,+41.1275E-03
-32.6700E-03,-36.6049E-03,+41.1275E-03
-32.5400E-03,-36.6049E-03,+41.1275E-03
-32.4100E-03,-36.6049E-03,+41.1275E-03
-32.2800E-03,-36.6049E-03,+42.3799E-03
-32.1500E-03,-36.6049E-03,+42.7897E-03
-32.0200E-03,-36.6049E-03,+41.1275E-03
-31.8900E-03,-36.6049E-03,+41.1275E-03
-31.7600E-03,-36.6049E-03,+43.6401E-03
-31.6300E-03,-38.3598E-03,+43.6401E-03
-31.5000E-03,-36.6049E-03,+42.2871E-03
-31.3700E-03,-36.6049E-03,+43.6401E-03
-31.2400E-03,-36.6049E-03,+43.6401E-03
-31.1100E-03,-38.9706E-03,+43.6401E-03
-30.9800E-03,-39.1175E-03,+43.6401E-03
-30.8500E-03,-37.2620E-03,+43.6401E-03
-30.7200E-03,-39.1175E-03,+43.6401E-03
-30.5900E-03,-39.1175E-03,+43.6401E-03
-30.4600E-03,-39.1175E-03,+43.6401E-03
-30.3300E-03,-36.8523E-03,+43.6401E-03
-30.2000E-03,-39.1175E-03,+43.6401E-03
-30.0700E-03,-39.1175E-03,+43.6401E-03
-29.9400E-03,-39.1175E-03,+43.6401E-03
-29.8100E-03,-39.1175E-03,+43.6401E-03
-29.6800E-03,-39.1175E-03,+43.6401E-03
-29.5500E-03,-39.1175E-03,+43.6401E-03
-29.4200E-03,-39.1175E-03,+43.6401E-03
-29.2900E-03,-39.1175E-03,+43.6401E-03
-29.1600E-03,-39.1175E-03,+43.6401E-03
-29.0300E-03,-39.1175E-03,+43.6401E-03
-28.9000E-03,-39.1175E-03,+42.7897E-03
-28.7700E-03,-39.1175E-03,+41.1275E-03
-28.6400E-03,-39.1175E-03,+41.1275E-03
-28.5100E-03,-39.1175E-03,+41.1275E-03
-28.3800E-03,-39.1175E-03,+41.1275E-03
-28.2500E-03,-39.1175E-03,+39.7746E-03
-28.1200E-03,-39.1175E-03,+38.6149E-03
-27.9900E-03,-41.0811E-03,+38.6149E-03
-27.8600E-03,-39.1175E-03,+38.6149E-03
-27.7300E-03,-39.1175E-03,+38.6149E-03
-27.6000E-03,-39.1175E-03,+38.6149E-03
-27.4700E-03,-39.1175E-03,+38.6149E-03
-27.3400E-03,-39.1175E-03,+38.6149E-03
-27.2100E-03,-37.2543E-03,+38.6149E-03
-27.0800E-03,-36.6049E-03,+38.6149E-03
-26.9500E-03,-36.7595E-03,+38.6149E-03
-26.8200E-03,-39.1175E-03,+36.1024E-03
-26.6900E-03,-36.6049E-03,+38.6149E-03
-26.5600E-03,-39.1175E-03,+38.6149E-03
-26.4300E-03,-38.3676E-03,+38.6149E-03
-26.3000E-03,-38.7696E-03,+38.6149E-03
-26.1700E-03,-36.6590E-03,+38.6149E-03
-26.0400E-03,-39.1175E-03,+38.6149E-03
-25.9100E-03,-37.4630E-03,+39.4731E-03
-25.7800E-03,-36.6049E-03,+41.1275E-03
-25.6500E-03,-39.1175E-03,+41.1275E-03
-25.5200E-03,-39.1175E-03,+41.1275E-03
-25.3900E-03,-39.1175E-03,+41.1275E-03
-25.2600E-03,-36.9605E-03,+41.1275E-03
-25.1300E-03,-39.1175E-03,+41.1275E-03
-25.0000E-03,-32.7394E-03,+41.1275E-03
-24.8700E-03,-25.6037E-03,+41.1275E-03
-24.7400E-03,-18.4681E-03,+41.1275E-03
-24.6100E-03,-11.3324E-03,+41.1275E-03
-24.4800E-03,-6.4542E-03,+41.1275E-03
-24.3500E-03,+426.4E-06,+41.1275E-03
-24.2200E-03,+7.5621E-03,+41.1275E-03
-24.0900E-03,+12.1852E-03,+38.6149E-03
-23.9600E-03,+19.3209E-03,+38.6149E-03
-23.8300E-03,+28.7217E-03,+40.8801E-03
-23.7000E-03,+33.7468E-03,+38.6149E-03
-23.5700E-03,+40.7279E-03,+38.6149E-03
-23.4400E-03,+45.3510E-03,+41.1275E-03
-23.3100E-03,+52.4867E-03,+41.1275E-03
-23.1800E-03,+59.6224E-03,+41.1275E-03
-23.0500E-03,+67.1060E-03,+41.1275E-03
-22.9200E-03,+76.4063E-03,+41.1275E-03
-22.7900E-03,+81.0294E-03,+41.1275E-03
-22.6600E-03,+85.6525E-03,+39.4731E-03
-22.5300E-03,+92.7882E-03,+41.1275E-03
-22.4000E-03,+99.9239E-03,+41.1275E-03
-22.2700E-03,+107.0596E-03,+41.1275E-03
-22.1400E-03,+114.1952E-03,+41.1275E-03
-22.0100E-03,+121.3309E-03,+41.1275E-03
-21.8800E-03,+125.9540E-03,+41.1275E-03
-21.7500E-03,+130.5772E-03,+41.1275E-03
-21.6200E-03,+139.2745E-03,+41.1275E-03
-21.4900E-03,+147.3611E-03,+41.1275E-03
-21.3600E-03,+154.4968E-03,+38.7618E-03
-21.2300E-03,+161.6324E-03,+41.1275E-03
-21.1000E-03,+166.2555E-03,+39.2721E-03
-20.9700E-03,+171.9378E-03,+40.0684E-03
-20.8400E-03,+178.0143E-03,+38.6149E-03
-20.7100E-03,+187.6626E-03,+39.2643E-03
-20.5800E-03,+194.7983E-03,+40.8801E-03
-20.4500E-03,+199.5760E-03,+41.1275E-03
-20.3200E-03,+206.5571E-03,+41.1275E-03
-20.1900E-03,+211.1802E-03,+41.1275E-03
-20.0600E-03,+220.8284E-03,+41.1275E-03
-19.9300E-03,+227.9641E-03,+41.1275E-03
-19.8000E-03,+235.0998E-03,+41.1275E-03
-19.6700E-03,+242.2354E-03,+41.1275E-03
-19.5400E-03,+246.8586E-03,+41.1275E-03
-19.4100E-03,+252.3398E-03,+41.1275E-03
-19.2800E-03,+259.8775E-03,+41.1275E-03
-19.1500E-03,+268.2656E-03,+41.1275E-03
-19.0200E-03,+275.4013E-03,+41.1275E-03
-18.8900E-03,+282.5370E-03,+41.1275E-03
-18.7600E-03,+289.6726E-03,+41.1275E-03
-18.6300E-03,+299.3209E-03,+41.1275E-03
-18.5000E-03,+306.4566E-03,+39.9679E-03
-18.3700E-03,+313.5922E-03,+41.1275E-03
-18.2400E-03,+320.7279E-03,+41.1275E-03
-18.1100E-03,+327.7167E-03,+41.1275E-03
-17.9800E-03,+334.9993E-03,+41.1275E-03
-17.8500E-03,+342.1349E-03,+39.2721E-03
-17.7200E-03,+350.3298E-03,+41.1275E-03
-17.5900E-03,+357.8674E-03,+41.1275E-03
-17.4600E-03,+362.8926E-03,+41.1275E-03
-17.3300E-03,+368.1651E-03,+41.1275E-03
-17.2000E-03,+375.3008E-03,+41.1275E-03
-17.0700E-03,+382.4365E-03,+41.1275E-03
-16.9400E-03,+389.5721E-03,+42.0861E-03
-16.8100E-03,+395.5559E-03,+43.6401E-03
-16.6800E-03,+401.3309E-03,+43.6401E-03
-16.5500E-03,+405.9540E-03,+43.6401E-03
-16.4200E-03,+410.6313E-03,+43.6401E-03
-16.2900E-03,+418.1690E-03,+43.6401E-03
-16.1600E-03,+424.8485E-03,+43.6401E-03
-16.0300E-03,+434.4968E-03,+43.6401E-03
-15.9000E-03,+440.7820E-03,+45.3022E-03
-15.7700E-03,+446.2555E-03,+44.0885E-03
-15.6400E-03,+453.3912E-03,+43.6401E-03
-15.5100E-03,+460.8825E-03,+46.1526E-03
-15.3800E-03,+470.1751E-03,+46.1526E-03
-15.2500E-03,+477.3108E-03,+44.7997E-03
-15.1200E-03,+483.4956E-03,+43.6401E-03
-14.9900E-03,+488.5207E-03,+43.6401E-03
-14.8600E-03,+496.0584E-03,+43.6401E-03
-14.7300E-03,+501.0835E-03,+43.6401E-03
-14.6000E-03,+510.4767E-03,+43.6401E-03
-14.4700E-03,+517.6123E-03,+42.5809E-03
-14.3400E-03,+522.2354E-03,+43.6401E-03
-14.2100E-03,+528.7217E-03,+43.6401E-03
-14.0800E-03,+533.9942E-03,+43.6401E-03
-13.9500E-03,+541.1299E-03,+41.1275E-03
-13.8200E-03,+548.8222E-03,+43.6401E-03
-13.6900E-03,+555.4013E-03,+43.6401E-03
-13.5600E-03,+562.5370E-03,+43.6401E-03
-13.4300E-03,+567.1601E-03,+41.1275E-03
-13.3000E-03,+571.7832E-03,+43.6401E-03
-13.1700E-03,+578.9730E-03,+43.6401E-03
-13.0400E-03,+588.5671E-03,+43.6401E-03
-12.9100E-03,+595.7028E-03,+43.6401E-03
-12.7800E-03,+602.8385E-03,+43.6401E-03
-12.6500E-03,+609.9741E-03,+43.6401E-03
-12.5200E-03,+616.6614E-03,+41.5759E-03
-12.3900E-03,+624.2455E-03,+41.1739E-03
-12.2600E-03,+631.3812E-03,+43.6401E-03
-12.1300E-03,+638.5169E-03,+43.6401E-03
-12.0000E-03,+645.6525E-03,+41.1275E-03
-11.8700E-03,+649.3247E-03,+42.0784E-03
-11.7400E-03,+657.4113E-03,+43.6401E-03
-11.6100E-03,+664.5470E-03,+41.2744E-03
-11.4800E-03,+671.9378E-03,+41.1275E-03
-11.3500E-03,+679.4755E-03,+41.1275E-03
-11.2200E-03,+684.5006E-03,+41.1275E-03
-11.0900E-03,+690.5772E-03,+41.1275E-03
-10.9600E-03,+697.0634E-03,+41.1275E-03
-10.8300E-03,+702.3359E-03,+41.1275E-03
-10.7000E-03,+711.9842E-03,+43.4855E-03
-10.5700E-03,+719.1199E-03,+41.1275E-03
-10.4400E-03,+726.2555E-03,+41.1275E-03
-10.3100E-03,+730.8787E-03,+42.4881E-03
-10.1800E-03,+738.0143E-03,+41.1275E-03
-10.0500E-03,+745.1500E-03,+41.4754E-03
-9.9200E-03,+754.7983E-03,+43.6401E-03
-9.7900E-03,+759.8775E-03,+43.1839E-03
-9.6600E-03,+766.5571E-03,+43.6401E-03
-9.5300E-03,+772.4403E-03,+41.1275E-03
-9.4000E-03,+780.8284E-03,+41.1275E-03
-9.2700E-03,+787.9641E-03,+41.1275E-03
-9.1400E-03,+795.0998E-03,+41.1275E-03
-9.0100E-03,+802.2354E-03,+41.1275E-03
-8.8800E-03,+809.3711E-03,+41.1275E-03
-8.7500E-03,+813.9942E-03,+41.1275E-03
-8.6200E-03,+821.1299E-03,+41.1275E-03
-8.4900E-03,+830.7782E-03,+41.1275E-03
-8.3600E-03,+837.9138E-03,+41.1275E-03
-8.2300E-03,+842.7921E-03,+41.1275E-03
-8.1000E-03,+849.6726E-03,+41.1275E-03
-7.9700E-03,+855.3549E-03,+41.1275E-03
-7.8400E-03,+861.4314E-03,+41.1275E-03
-7.7100E-03,+870.4303E-03,+41.1275E-03
-7.5800E-03,+877.9679E-03,+43.3927E-03
-7.4500E-03,+882.9931E-03,+41.1275E-03
-7.3200E-03,+888.0182E-03,+41.6841E-03
-7.1900E-03,+894.5973E-03,+43.6401E-03
-7.0600E-03,+901.7329E-03,+43.6401E-03
-6.9300E-03,+911.3812E-03,+43.6401E-03
-6.8000E-03,+918.1689E-03,+43.6401E-03
-6.6700E-03,+923.1941E-03,+43.6401E-03
-6.5400E-03,+930.2756E-03,+41.1275E-03
-6.4100E-03,+934.8988E-03,+41.9856E-03
-6.2800E-03,+943.2946E-03,+42.3876E-03
-6.1500E-03,+950.8323E-03,+41.1275E-03
-6.0200E-03,+958.3700E-03,+41.1275E-03
-5.8900E-03,+963.4415E-03,+41.1275E-03
-5.7600E-03,+970.5772E-03,+41.1275E-03
-5.6300E-03,+975.9579E-03,+41.1275E-03
-5.5000E-03,+984.8485E-03,+41.1275E-03
-5.3700E-03,+991.9842E-03,+41.1275E-03
-5.2400E-03,+999.1199E-03,+41.1275E-03
-5.1100E-03,+1.0061086E+00,+43.6401E-03
-4.9800E-03,+1.0111338E+00,+41.1275E-03
-4.8500E-03,+1.0180143E+00,+41.7846E-03
-4.7200E-03,+1.0262091E+00,+41.1275E-03
-4.5900E-03,+1.0347983E+00,+41.1275E-03
-4.4600E-03,+1.0419339E+00,+41.1275E-03
-4.3300E-03,+1.0465571E+00,+43.6401E-03
-4.2000E-03,+1.0513348E+00,+41.2821E-03
-4.0700E-03,+1.0588725E+00,+41.1275E-03
-3.9400E-03,+1.0654515E+00,+41.1275E-03
-3.8100E-03,+1.0750998E+00,+42.2794E-03
-3.6800E-03,+1.0797229E+00,+41.1275E-03
-3.5500E-03,+1.0868586E+00,+41.1275E-03
-3.4200E-03,+1.0915358E+00,+41.1275E-03
-3.2900E-03,+1.0990735E+00,+41.1275E-03
-3.1600E-03,+1.1082656E+00,+41.1275E-03
-3.0300E-03,+1.1154013E+00,+41.1275E-03
-2.9000E-03,+1.1225370E+00,+41.1275E-03
-2.7700E-03,+1.1292242E+00,+41.1275E-03
-2.6400E-03,+1.1342493E+00,+41.1275E-03
-2.5100E-03,+1.1414314E+00,+41.1275E-03
-2.3800E-03,+1.1485671E+00,+41.1275E-03
-2.2500E-03,+1.1557028E+00,+41.1275E-03
-2.1200E-03,+1.1628385E+00,+41.1275E-03
-1.9900E-03,+1.1674616E+00,+43.0912E-03
-1.8600E-03,+1.1720847E+00,+41.1275E-03
-1.7300E-03,+1.1792204E+00,+41.1275E-03
-1.6000E-03,+1.1863560E+00,+42.9829E-03
-1.4700E-03,+1.1960043E+00,+41.1275E-03
-1.3400E-03,+1.2020885E+00,+41.1275E-03
-1.2100E-03,+1.2077631E+00,+41.1275E-03
-1.0800E-03,+1.2123862E+00,+41.1275E-03
-950.0E-06,+1.2195219E+00,+41.1275E-03
-820.0E-06,+1.2291701E+00,+41.1275E-03
-690.0E-06,+1.2363058E+00,+41.1275E-03
-560.0E-06,+1.2422895E+00,+41.1275E-03
-430.0E-06,+1.2480646E+00,+41.1275E-03
-300.0E-06,+1.2548524E+00,+41.1275E-03
-170.0E-06,+1.2598775E+00,+41.1275E-03
-40.0E-06,+1.2694716E+00,+41.1275E-03
+90.0E-06,+1.2766073E+00,+41.1275E-03
+220.0E-06,+1.2837430E+00,+41.1275E-03
+350.0E-06,+1.2900282E+00,+41.1275E-03
+480.0E-06,+1.2950534E+00,+41.1275E-03
+610.0E-06,+1.3001249E+00,+41.1275E-03
+740.0E-06,+1.3097731E+00,+41.1275E-03
+870.0E-06,+1.3169088E+00,+41.1275E-03
+1.0000E-03,+1.3240445E+00,+41.1275E-03
+1.1300E-03,+1.3286676E+00,+42.0784E-03
+1.2600E-03,+1.3332907E+00,+43.6401E-03
+1.3900E-03,+1.3402795E+00,+43.6401E-03
+1.5200E-03,+1.3475621E+00,+43.6401E-03
+1.6500E-03,+1.3546978E+00,+43.6401E-03
+1.7800E-03,+1.3643460E+00,+43.6401E-03
+1.9100E-03,+1.3689691E+00,+43.6401E-03
+2.0400E-03,+1.3735922E+00,+45.5032E-03
+2.1700E-03,+1.3807279E+00,+43.6401E-03
+2.3000E-03,+1.3878636E+00,+43.7947E-03
+2.4300E-03,+1.3975118E+00,+43.6401E-03
+2.5600E-03,+1.4046475E+00,+44.5987E-03
+2.6900E-03,+1.4106313E+00,+44.7920E-03
+2.8200E-03,+1.4156564E+00,+43.6401E-03
+2.9500E-03,+1.4210294E+00,+45.8047E-03
+3.0800E-03,+1.4306777E+00,+46.0985E-03
+3.2100E-03,+1.4378133E+00,+45.6965E-03
+3.3400E-03,+1.4449490E+00,+44.4982E-03
+3.4700E-03,+1.4495721E+00,+44.9002E-03
+3.6000E-03,+1.4541952E+00,+45.3022E-03
+3.7300E-03,+1.4613309E+00,+43.6401E-03
+3.8600E-03,+1.4709328E+00,+43.6401E-03
+3.9900E-03,+1.4781148E+00,+43.6401E-03
+4.1200E-03,+1.4852505E+00,+43.6401E-03
+4.2500E-03,+1.4898736E+00,+43.6401E-03
+4.3800E-03,+1.4970093E+00,+43.6401E-03
+4.5100E-03,+1.5061086E+00,+43.6401E-03
+4.6400E-03,+1.5137932E+00,+41.2744E-03
+4.7700E-03,+1.5211840E+00,+43.6401E-03
+4.9000E-03,+1.5280646E+00,+41.7846E-03
+5.0300E-03,+1.5337468E+00,+42.5809E-03
+5.1600E-03,+1.5398234E+00,+41.1275E-03
+5.2900E-03,+1.5494716E+00,+41.1275E-03
+5.4200E-03,+1.5566073E+00,+41.1275E-03
+5.5500E-03,+1.5638976E+00,+41.1275E-03
+5.6800E-03,+1.5708787E+00,+41.1275E-03
+5.8100E-03,+1.5764604E+00,+41.1275E-03
+5.9400E-03,+1.5826374E+00,+41.1275E-03
+6.0700E-03,+1.5922857E+00,+41.1275E-03
+6.2000E-03,+1.5990735E+00,+41.1275E-03
+6.3300E-03,+1.6065570E+00,+41.1275E-03
+6.4600E-03,+1.6111802E+00,+41.1275E-03
+6.5900E-03,+1.6166614E+00,+43.6401E-03
+6.7200E-03,+1.6229390E+00,+43.6401E-03
+6.8500E-03,+1.6325872E+00,+43.6401E-03
+6.9800E-03,+1.6397229E+00,+43.6401E-03
+7.1100E-03,+1.6468122E+00,+43.6401E-03
+7.2400E-03,+1.6514817E+00,+43.6401E-03
+7.3700E-03,+1.6561048E+00,+43.6401E-03
+7.5000E-03,+1.6618875E+00,+43.6401E-03
+7.6300E-03,+1.6703761E+00,+43.6401E-03
+7.7600E-03,+1.6775118E+00,+45.6037E-03
+7.8900E-03,+1.6846475E+00,+46.0057E-03
+8.0200E-03,+1.6895257E+00,+43.6401E-03
+8.1500E-03,+1.6964063E+00,+45.4955E-03
+8.2800E-03,+1.7035420E+00,+43.6401E-03
+8.4100E-03,+1.7106777E+00,+46.1526E-03
+8.5400E-03,+1.7196765E+00,+46.1526E-03
+8.6700E-03,+1.7249490E+00,+46.1526E-03
+8.8000E-03,+1.7320847E+00,+46.1526E-03
+8.9300E-03,+1.7367078E+00,+46.1526E-03
+9.0600E-03,+1.7438435E+00,+46.1526E-03
+9.1900E-03,+1.7509792E+00,+46.1526E-03
+9.3200E-03,+1.7598775E+00,+46.1526E-03
+9.4500E-03,+1.7674152E+00,+43.9880E-03
+9.5800E-03,+1.7723862E+00,+46.0985E-03
+9.7100E-03,+1.7774654E+00,+46.1526E-03
+9.8400E-03,+1.7841450E+00,+45.2945E-03
+9.9700E-03,+1.7912807E+00,+43.6401E-03
+10.1000E-03,+1.8000785E+00,+43.6401E-03
+10.2300E-03,+1.8076162E+00,+43.6401E-03
+10.3600E-03,+1.8126413E+00,+43.6401E-03
+10.4900E-03,+1.8173108E+00,+43.6401E-03
+10.6200E-03,+1.8244465E+00,+42.8824E-03
+10.7500E-03,+1.8327418E+00,+43.6401E-03
+10.8800E-03,+1.8412304E+00,+43.6401E-03
+11.0100E-03,+1.8458535E+00,+43.6401E-03
+11.1400E-03,+1.8529892E+00,+43.6401E-03
+11.2700E-03,+1.8578674E+00,+43.6401E-03
+11.4000E-03,+1.8666034E+00,+43.6401E-03
+11.5300E-03,+1.8743962E+00,+43.6401E-03
+11.6600E-03,+1.8829931E+00,+42.5886E-03
+11.7900E-03,+1.8886676E+00,+43.6401E-03
+11.9200E-03,+1.8935381E+00,+43.6401E-03
+12.0500E-03,+1.9029390E+00,+43.6401E-03
+12.1800E-03,+1.9100746E+00,+43.6401E-03
+12.3100E-03,+1.9181689E+00,+43.6401E-03
+12.4400E-03,+1.9243460E+00,+43.6401E-03
+12.5700E-03,+1.9307318E+00,+43.6401E-03
+12.7000E-03,+1.9361048E+00,+43.2922E-03
+12.8300E-03,+1.9432405E+00,+41.1816E-03
+12.9600E-03,+1.9503761E+00,+41.1275E-03
+13.0900E-03,+1.9583699E+00,+42.7819E-03
+13.2200E-03,+1.9646475E+00,+41.1275E-03
+13.3500E-03,+1.9709328E+00,+41.1275E-03
+13.4800E-03,+1.9764063E+00,+41.1275E-03
+13.6100E-03,+1.9835420E+00,+41.1275E-03
+13.7400E-03,+1.9931902E+00,+41.1275E-03
+13.8700E-03,+2.0003259E+00,+41.1275E-03
+14.0000E-03,+2.0074616E+00,+41.1275E-03
+14.1300E-03,+2.0120847E+00,+43.6401E-03
+14.2600E-03,+2.0186714E+00,+43.6401E-03
+14.3900E-03,+2.0239904E+00,+43.6401E-03
+14.5200E-03,+2.0334917E+00,+43.6401E-03
+14.6500E-03,+2.0406274E+00,+43.6401E-03
+14.7800E-03,+2.0477631E+00,+43.6401E-03
+14.9100E-03,+2.0523862E+00,+43.6401E-03
+15.0400E-03,+2.0588725E+00,+43.6401E-03
+15.1700E-03,+2.0641450E+00,+43.6401E-03
+15.3000E-03,+2.0737932E+00,+43.6401E-03
+15.4300E-03,+2.0814855E+00,+43.6401E-03
+15.5600E-03,+2.0880646E+00,+44.5987E-03
+15.6900E-03,+2.0952003E+00,+44.7920E-03
+15.8200E-03,+2.1015860E+00,+43.6401E-03
+15.9500E-03,+2.1091237E+00,+43.6401E-03
+16.0800E-03,+2.1166073E+00,+43.6401E-03
+16.2100E-03,+2.1237430E+00,+43.6401E-03
+16.3400E-03,+2.1292242E+00,+43.6401E-03
+16.4700E-03,+2.1355018E+00,+43.6401E-03
+16.6000E-03,+2.1401249E+00,+43.6401E-03
+16.7300E-03,+2.1497731E+00,+43.6401E-03
+16.8600E-03,+2.1569088E+00,+43.6401E-03
+16.9900E-03,+2.1644001E+00,+43.6401E-03
+17.1200E-03,+2.1711802E+00,+43.6401E-03
+17.2500E-03,+2.1758033E+00,+43.6401E-03
+17.3800E-03,+2.1819880E+00,+43.6401E-03
+17.5100E-03,+2.1900746E+00,+43.6401E-03
+17.6400E-03,+2.1972103E+00,+43.6401E-03
+17.7700E-03,+2.2046011E+00,+43.6401E-03
+17.9000E-03,+2.2114817E+00,+43.6401E-03
+18.0300E-03,+2.2161048E+00,+43.6401E-03
+18.1600E-03,+2.2207279E+00,+43.6401E-03
+18.2900E-03,+2.2303761E+00,+43.6401E-03
+18.4200E-03,+2.2375118E+00,+46.1526E-03
+18.5500E-03,+2.2471601E+00,+43.6401E-03
+18.6800E-03,+2.2523398E+00,+46.1526E-03
+18.8100E-03,+2.2573649E+00,+46.1526E-03
+18.9400E-03,+2.2660545E+00,+46.1526E-03
+19.0700E-03,+2.2731902E+00,+45.4027E-03
+19.2000E-03,+2.2803259E+00,+46.1526E-03
+19.3300E-03,+2.2875157E+00,+46.1526E-03
+19.4600E-03,+2.2945972E+00,+46.1526E-03
+19.5900E-03,+2.3017329E+00,+46.1526E-03
+19.7200E-03,+2.3088686E+00,+46.1526E-03
+19.8500E-03,+2.3185168E+00,+46.1526E-03
+19.9800E-03,+2.3252041E+00,+46.1526E-03
+20.1100E-03,+2.3302756E+00,+48.6188E-03
+20.2400E-03,+2.3352544E+00,+46.1526E-03
+20.3700E-03,+2.3402795E+00,+46.1526E-03
+20.5000E-03,+2.3466575E+00,+47.3123E-03
+20.6300E-03,+2.3563058E+00,+47.7143E-03
+20.7600E-03,+2.3628926E+00,+48.1163E-03
+20.8900E-03,+2.3704302E+00,+48.6652E-03
+21.0200E-03,+2.3752003E+00,+48.6652E-03
+21.1500E-03,+2.3798234E+00,+46.8097E-03
+21.2800E-03,+2.3869591E+00,+46.1526E-03
+21.4100E-03,+2.3940947E+00,+46.1526E-03
+21.5400E-03,+2.4037430E+00,+46.1526E-03
+21.6700E-03,+2.4106312E+00,+46.1526E-03
+21.8000E-03,+2.4155018E+00,+46.1526E-03
+21.9300E-03,+2.4226374E+00,+44.1967E-03
+22.0600E-03,+2.4297731E+00,+46.1526E-03
+22.1900E-03,+2.4394214E+00,+46.1526E-03
+22.3200E-03,+2.4458071E+00,+45.4027E-03
+22.4500E-03,+2.4533448E+00,+46.1526E-03
+22.5800E-03,+2.4558574E+00,+46.1526E-03
+22.7100E-03,+2.4629390E+00,+46.1526E-03
+22.8400E-03,+2.4700746E+00,+46.1526E-03
+22.9700E-03,+2.4772103E+00,+46.1526E-03
+23.1000E-03,+2.4860081E+00,+46.1526E-03
+23.2300E-03,+2.4914817E+00,+46.1526E-03
+23.3600E-03,+2.4985709E+00,+46.1526E-03
+23.4900E-03,+2.5032405E+00,+46.1526E-03
+23.6200E-03,+2.5103761E+00,+46.1526E-03
+23.7500E-03,+2.5186714E+00,+46.1526E-03
+23.8800E-03,+2.5262091E+00,+46.1526E-03
+24.0100E-03,+2.5317832E+00,+46.1526E-03
+24.1400E-03,+2.5387719E+00,+46.1526E-03
+24.2700E-03,+2.5437971E+00,+46.1526E-03
+24.4000E-03,+2.5506776E+00,+46.1526E-03
+24.5300E-03,+2.5603259E+00,+46.1526E-03
+24.6600E-03,+2.5674616E+00,+46.1526E-03
+24.7900E-03,+2.5739478E+00,+46.1526E-03
+24.9200E-03,+2.5792204E+00,+46.1526E-03
+25.0500E-03,+2.5863560E+00,+46.1526E-03
+25.1800E-03,+2.5940483E+00,+46.1526E-03
+25.3100E-03,+2.6006274E+00,+46.1526E-03
+25.4400E-03,+2.6077631E+00,+46.1526E-03
+25.5700E-03,+2.6148987E+00,+46.1526E-03
+25.7000E-03,+2.6195219E+00,+46.1526E-03
+25.8300E-03,+2.6241991E+00,+46.1526E-03
+25.9600E-03,+2.6337932E+00,+46.1526E-03
+26.0900E-03,+2.6434415E+00,+46.1526E-03
+26.2200E-03,+2.6493247E+00,+46.1526E-03
+26.3500E-03,+2.6552003E+00,+46.1526E-03
+26.4800E-03,+2.6598234E+00,+46.1526E-03
+26.6100E-03,+2.6694252E+00,+46.1526E-03
+26.7400E-03,+2.6766073E+00,+46.1526E-03
+26.8700E-03,+2.6837430E+00,+46.1526E-03
+27.0000E-03,+2.6908786E+00,+46.1526E-03
+27.1300E-03,+2.6955018E+00,+48.6652E-03
+27.2600E-03,+2.7026374E+00,+48.6652E-03
+27.3900E-03,+2.7097731E+00,+48.6652E-03
+27.5200E-03,+2.7194214E+00,+48.6652E-03
+27.6500E-03,+2.7265570E+00,+48.6652E-03
+27.7800E-03,+2.7336927E+00,+48.6652E-03
+27.9100E-03,+2.7383158E+00,+49.7166E-03
+28.0400E-03,+2.7448021E+00,+48.6652E-03
+28.1700E-03,+2.7525872E+00,+48.6652E-03
+28.3000E-03,+2.7597229E+00,+48.6652E-03
+28.4300E-03,+2.7668585E+00,+51.1778E-03
+28.5600E-03,+2.7739942E+00,+51.1778E-03
+28.6900E-03,+2.7799780E+00,+49.8171E-03
+28.8200E-03,+2.7857530E+00,+48.6652E-03
+28.9500E-03,+2.7928887E+00,+50.8298E-03
+29.0800E-03,+2.8025369E+00,+51.1237E-03
+29.2100E-03,+2.8096726E+00,+50.7216E-03
+29.3400E-03,+2.8151539E+00,+50.3196E-03
+29.4700E-03,+2.8214314E+00,+51.1778E-03
+29.6000E-03,+2.8285671E+00,+51.1778E-03
+29.7300E-03,+2.8357028E+00,+50.7293E-03
+29.8600E-03,+2.8453046E+00,+51.1778E-03
+29.9900E-03,+2.8503297E+00,+51.1778E-03
+30.1200E-03,+2.8553549E+00,+51.1778E-03
+30.2500E-03,+2.8617329E+00,+51.1778E-03
+30.3800E-03,+2.8679177E+00,+53.6903E-03
+30.5100E-03,+2.8760043E+00,+53.6903E-03
+30.6400E-03,+2.8831400E+00,+53.6903E-03
+30.7700E-03,+2.8905307E+00,+53.6903E-03
+30.9000E-03,+2.8974113E+00,+56.2029E-03
+31.0300E-03,+2.9020344E+00,+53.6903E-03
+31.1600E-03,+2.9091701E+00,+56.2029E-03
+31.2900E-03,+2.9163058E+00,+56.2029E-03
+31.4200E-03,+2.9234415E+00,+56.2029E-03
+31.5500E-03,+2.9307317E+00,+56.2029E-03
+31.6800E-03,+2.9377128E+00,+56.2029E-03
+31.8100E-03,+2.9423359E+00,+59.6741E-03
+31.9400E-03,+2.9483197E+00,+59.8674E-03
+32.0700E-03,+2.9566073E+00,+58.7154E-03
+32.2000E-03,+2.9659076E+00,+59.0634E-03
+32.3300E-03,+2.9733912E+00,+61.1739E-03
+32.4600E-03,+2.9780143E+00,+61.2280E-03
+32.5900E-03,+2.9834956E+00,+62.8824E-03
+32.7200E-03,+2.9897731E+00,+63.7406E-03
+32.8500E-03,+2.9985709E+00,+62.0784E-03
+32.9800E-03,+3.0065570E+00,+63.7406E-03
+33.1100E-03,+3.0136463E+00,+63.7870E-03
+33.2400E-03,+3.0186714E+00,+66.2531E-03
+33.3700E-03,+3.0254515E+00,+63.7406E-03
+33.5000E-03,+3.0325872E+00,+65.0935E-03
+33.6300E-03,+3.0397229E+00,+66.2531E-03
+33.7600E-03,+3.0468585E+00,+66.2531E-03
+33.8900E-03,+3.0538473E+00,+66.2531E-03
+34.0200E-03,+3.0588724E+00,+66.2531E-03
+34.1500E-03,+3.0632405E+00,+66.2531E-03
+34.2800E-03,+3.0703761E+00,+66.2531E-03
+34.4100E-03,+3.0789729E+00,+66.2531E-03
+34.5400E-03,+3.0871601E+00,+66.2531E-03
+34.6700E-03,+3.0917832E+00,+68.7657E-03
+34.8000E-03,+3.0989188E+00,+66.4077E-03
+34.9300E-03,+3.1035420E+00,+66.2531E-03
+35.0600E-03,+3.1081651E+00,+68.7657E-03
+35.1900E-03,+3.1166614E+00,+68.7657E-03
+35.3200E-03,+3.1249490E+00,+68.7657E-03
+35.4500E-03,+3.1317368E+00,+71.2783E-03
+35.5800E-03,+3.1367619E+00,+71.2783E-03
+35.7100E-03,+3.1433874E+00,+71.2783E-03
+35.8400E-03,+3.1484666E+00,+71.2783E-03
+35.9700E-03,+3.1556023E+00,+71.2783E-03
+36.1000E-03,+3.1652505E+00,+71.2783E-03
+36.2300E-03,+3.1719378E+00,+73.3424E-03
+36.3600E-03,+3.1769629E+00,+73.7908E-03
+36.4900E-03,+3.1816324E+00,+73.7908E-03
+36.6200E-03,+3.1862555E+00,+73.7908E-03
+36.7500E-03,+3.1933912E+00,+76.3034E-03
+36.8800E-03,+3.2030394E+00,+76.3034E-03
+37.0100E-03,+3.2076626E+00,+76.8523E-03
+37.1400E-03,+3.2147982E+00,+78.8159E-03
+37.2700E-03,+3.2196765E+00,+78.8159E-03
+37.4000E-03,+3.2265570E+00,+81.3285E-03
+37.5300E-03,+3.2311802E+00,+81.3285E-03
+37.6600E-03,+3.2397770E+00,+81.3285E-03
+37.7900E-03,+3.2479641E+00,+81.3285E-03
+37.9200E-03,+3.2550998E+00,+81.3285E-03
+38.0500E-03,+3.2597229E+00,+81.3285E-03
+38.1800E-03,+3.2668585E+00,+81.3285E-03
+38.3100E-03,+3.2739942E+00,+83.8411E-03
+38.4400E-03,+3.2836425E+00,+83.8411E-03
+38.5700E-03,+3.2907781E+00,+83.8411E-03
+38.7000E-03,+3.2975659E+00,+83.8411E-03
+38.8300E-03,+3.3025910E+00,+86.3536E-03
+38.9600E-03,+3.3096726E+00,+86.3536E-03
+39.0900E-03,+3.3168083E+00,+86.3536E-03
+39.2200E-03,+3.3239440E+00,+88.8662E-03
+39.3500E-03,+3.3310796E+00,+88.8662E-03
+39.4800E-03,+3.3377669E+00,+88.8662E-03
+39.6100E-03,+3.3427920E+00,+91.3788E-03
+39.7400E-03,+3.3478172E+00,+93.5357E-03
+39.8700E-03,+3.3571098E+00,+93.8913E-03
+40.0000E-03,+3.3642455E+00,+93.8913E-03
+40.1300E-03,+3.3713812E+00,+96.4039E-03
+40.2600E-03,+3.3760043E+00,+96.4039E-03
+40.3900E-03,+3.3831400E+00,+98.7695E-03
+40.5200E-03,+3.3902756E+00,+98.9164E-03
+40.6500E-03,+3.3974113E+00,+101.4290E-03
+40.7800E-03,+3.4045470E+00,+100.3699E-03
+40.9100E-03,+3.4131438E+00,+101.4290E-03
+41.0400E-03,+3.4181689E+00,+103.9416E-03
+41.1700E-03,+3.4231940E+00,+103.9416E-03
+41.3000E-03,+3.4305771E+00,+106.4541E-03
+41.4300E-03,+3.4377128E+00,+108.4101E-03
+41.5600E-03,+3.4448485E+00,+110.5206E-03
+41.6900E-03,+3.4519842E+00,+111.4793E-03
+41.8200E-03,+3.4583699E+00,+112.2292E-03
+41.9500E-03,+3.4633951E+00,+116.5044E-03
+42.0800E-03,+3.4684202E+00,+116.5044E-03
+42.2100E-03,+3.4755018E+00,+118.5608E-03
+42.3400E-03,+3.4851500E+00,+119.0169E-03
+42.4700E-03,+3.4922857E+00,+121.5295E-03
+42.6000E-03,+3.4969088E+00,+121.5295E-03
+42.7300E-03,+3.5015319E+00,+124.0421E-03
+42.8600E-03,+3.5086676E+00,+126.5546E-03
+42.9900E-03,+3.5161589E+00,+126.5546E-03
+43.1200E-03,+3.5254515E+00,+126.5546E-03
+43.2500E-03,+3.5312342E+00,+127.9076E-03
+43.3800E-03,+3.5372103E+00,+129.0672E-03
+43.5100E-03,+3.5418334E+00,+131.5798E-03
+43.6400E-03,+3.5488222E+00,+131.7267E-03
+43.7700E-03,+3.5561048E+00,+134.0923E-03
+43.9000E-03,+3.5632405E+00,+135.9478E-03
+44.0300E-03,+3.5703761E+00,+138.0583E-03
+44.1600E-03,+3.5764604E+00,+141.6300E-03
+44.2900E-03,+3.5821349E+00,+144.1426E-03
+44.4200E-03,+3.5890232E+00,+144.3900E-03
+44.5500E-03,+3.5964063E+00,+146.6551E-03
+44.6800E-03,+3.6060545E+00,+149.1677E-03
+44.8100E-03,+3.6116363E+00,+153.2342E-03
+44.9400E-03,+3.6191739E+00,+155.3448E-03
+45.0700E-03,+3.6249490E+00,+157.4553E-03
+45.2000E-03,+3.6317368E+00,+159.2180E-03
+45.3300E-03,+3.6392204E+00,+161.7305E-03
+45.4600E-03,+3.6488686E+00,+164.2431E-03
+45.5900E-03,+3.6543498E+00,+166.7556E-03
+45.7200E-03,+3.6593749E+00,+168.0081E-03
+45.8500E-03,+3.6644001E+00,+169.2682E-03
+45.9800E-03,+3.6698736E+00,+171.7808E-03
+46.1100E-03,+3.6794755E+00,+174.3397E-03
+46.2400E-03,+3.6866575E+00,+179.3185E-03
+46.3700E-03,+3.6937932E+00,+179.3185E-03
+46.5000E-03,+3.6970634E+00,+184.3436E-03
+46.6300E-03,+3.7030394E+00,+187.8071E-03
+46.7600E-03,+3.7096262E+00,+192.4302E-03
+46.8900E-03,+3.7171639E+00,+194.5407E-03
+47.0200E-03,+3.7244465E+00,+199.1639E-03
+47.1500E-03,+3.7315822E+00,+201.9315E-03
+47.2800E-03,+3.7362053E+00,+204.4441E-03
+47.4100E-03,+3.7422895E+00,+206.9566E-03
+47.5400E-03,+3.7498272E+00,+209.4692E-03
+47.6700E-03,+3.7548523E+00,+211.9818E-03
+47.8000E-03,+3.7622354E+00,+214.4943E-03
+47.9300E-03,+3.7718837E+00,+219.5195E-03
+48.0600E-03,+3.7765068E+00,+222.0320E-03
+48.1900E-03,+3.7811299E+00,+225.6965E-03
+48.3200E-03,+3.7857530E+00,+229.5697E-03
+48.4500E-03,+3.7928887E+00,+232.4302E-03
+48.5800E-03,+3.8025369E+00,+237.0533E-03
+48.7100E-03,+3.8096726E+00,+239.6200E-03
+48.8400E-03,+3.8168083E+00,+242.1325E-03
+48.9700E-03,+3.8226915E+00,+244.6451E-03
+49.1000E-03,+3.8277167E+00,+248.0081E-03
+49.2300E-03,+3.8357028E+00,+252.1828E-03
+49.3600E-03,+3.8428384E+00,+254.6953E-03
+49.4900E-03,+3.8524867E+00,+259.3649E-03
+49.6200E-03,+3.8578674E+00,+262.2330E-03
+49.7500E-03,+3.8628925E+00,+267.2582E-03
+49.8800E-03,+3.8704302E+00,+272.2833E-03
+50.0100E-03,+3.8779679E+00,+277.8573E-03
+50.1400E-03,+3.8832869E+00,+279.9679E-03
+50.2700E-03,+3.8927882E+00,+284.8461E-03
+50.4000E-03,+3.8980684E+00,+289.2141E-03
+50.5300E-03,+3.9045470E+00,+291.3247E-03
+50.6600E-03,+3.9106312E+00,+294.8963E-03
+50.7900E-03,+3.9163058E+00,+299.9215E-03
+50.9200E-03,+3.9234415E+00,+305.1940E-03
+51.0500E-03,+3.9307317E+00,+309.9717E-03
+51.1800E-03,+3.9382694E+00,+316.9528E-03
+51.3100E-03,+3.9432945E+00,+320.0220E-03
+51.4400E-03,+3.9494716E+00,+323.6865E-03
+51.5700E-03,+3.9558574E+00,+327.5597E-03
+51.7000E-03,+3.9637430E+00,+330.4201E-03
+51.8300E-03,+3.9709327E+00,+335.0433E-03
+51.9600E-03,+3.9780143E+00,+340.1225E-03
+52.0900E-03,+3.9826374E+00,+346.8020E-03
+52.2200E-03,+3.9885207E+00,+355.1978E-03
+52.3500E-03,+3.9943962E+00,+360.2230E-03
+52.4800E-03,+4.0015319E+00,+365.2481E-03
+52.6100E-03,+4.0111337E+00,+367.8071E-03
+52.7400E-03,+4.0161589E+00,+374.9427E-03
+52.8700E-03,+4.0211840E+00,+382.0784E-03
+53.0000E-03,+4.0275621E+00,+389.2141E-03
+53.1300E-03,+4.0346977E+00,+396.3498E-03
+53.2600E-03,+4.0418334E+00,+400.9729E-03
+53.3900E-03,+4.0489691E+00,+405.5960E-03
+53.5200E-03,+4.0561048E+00,+412.7317E-03
+53.6500E-03,+4.0613850E+00,+419.8674E-03
+53.7800E-03,+4.0678636E+00,+429.5156E-03
+53.9100E-03,+4.0724867E+00,+436.6513E-03
+54.0400E-03,+4.0796224E+00,+443.7870E-03
+54.1700E-03,+4.0892706E+00,+450.9226E-03
+54.3000E-03,+4.0964063E+00,+458.2129E-03
+54.4300E-03,+4.1015860E+00,+468.2632E-03
+54.5600E-03,+4.1081651E+00,+477.3548E-03
+54.6900E-03,+4.1141488E+00,+484.4905E-03
+54.8200E-03,+4.1199239E+00,+490.8762E-03
+54.9500E-03,+4.1295721E+00,+498.4139E-03
+55.0800E-03,+4.1367078E+00,+505.8975E-03
+55.2100E-03,+4.1413309E+00,+516.0019E-03
+55.3400E-03,+4.1468121E+00,+523.5396E-03
+55.4700E-03,+4.1505771E+00,+531.0772E-03
+55.6000E-03,+4.1585632E+00,+540.3158E-03
+55.7300E-03,+4.1648485E+00,+551.1777E-03
+55.8600E-03,+4.1744503E+00,+558.7618E-03
+55.9900E-03,+4.1791198E+00,+566.2531E-03
+56.1200E-03,+4.1837430E+00,+575.5458E-03
+56.2500E-03,+4.1883661E+00,+585.1940E-03
+56.3800E-03,+4.1955018E+00,+594.8422E-03
+56.5100E-03,+4.2026374E+00,+602.5268E-03
+56.6400E-03,+4.2097731E+00,+611.4793E-03
+56.7700E-03,+4.2169088E+00,+621.2744E-03
+56.9000E-03,+4.2221890E+00,+632.7781E-03
+57.0300E-03,+4.2272141E+00,+644.5369E-03
+57.1600E-03,+4.2332907E+00,+653.7831E-03
+57.2900E-03,+4.2404264E+00,+667.4051E-03
+57.4200E-03,+4.2498272E+00,+679.5659E-03
+57.5500E-03,+4.2548523E+00,+689.2141E-03
+57.6800E-03,+4.2618334E+00,+698.8623E-03
+57.8100E-03,+4.2664565E+00,+713.5357E-03
+57.9400E-03,+4.2724403E+00,+725.6965E-03
+58.0700E-03,+4.2782153E+00,+735.3448E-03
+58.2000E-03,+4.2875156E+00,+750.3660E-03
+58.3300E-03,+4.2925408E+00,+762.1789E-03
+58.4600E-03,+4.2996224E+00,+776.3962E-03
+58.5900E-03,+4.3051036E+00,+792.3220E-03
+58.7200E-03,+4.3101287E+00,+806.1990E-03
+58.8500E-03,+4.3160043E+00,+816.6977E-03
+58.9800E-03,+4.3231399E+00,+833.0332E-03
+59.1100E-03,+4.3302756E+00,+847.7066E-03
+59.2400E-03,+4.3374113E+00,+857.3548E-03
+59.3700E-03,+4.3427920E+00,+875.5381E-03
+59.5000E-03,+4.3478172E+00,+889.2141E-03
+59.6300E-03,+4.3528423E+00,+904.8384E-03
+59.7600E-03,+4.3584163E+00,+923.5860E-03
+59.8900E-03,+4.3655520E+00,+935.8937E-03
+60.0200E-03,+4.3726877E+00,+955.1902E-03
+60.1500E-03,+4.3779679E+00,+969.4615E-03
+60.2800E-03,+4.3844465E+00,+986.2454E-03
+60.4100E-03,+4.3905307E+00,+1.0044905E+00
+60.5400E-03,+4.3955558E+00,+1.0198133E+00
+60.6700E-03,+4.4008284E+00,+1.0368446E+00
+60.8000E-03,+4.4104766E+00,+1.0535357E+00
+60.9300E-03,+4.4156563E+00,+1.0726776E+00
+61.0600E-03,+4.4222354E+00,+1.0904201E+00
+61.1900E-03,+4.4268585E+00,+1.1099099E+00
+61.3200E-03,+4.4332443E+00,+1.1298171E+00
+61.4500E-03,+4.4386173E+00,+1.1473510E+00
+61.5800E-03,+4.4482656E+00,+1.1691600E+00
+61.7100E-03,+4.4554013E+00,+1.1905130E+00
+61.8400E-03,+4.4600244E+00,+1.2077530E+00
+61.9700E-03,+4.4633950E+00,+1.2270495E+00
+62.1000E-03,+4.4684202E+00,+1.2488585E+00
+62.2300E-03,+4.4734453E+00,+1.2711160E+00
+62.3600E-03,+4.4809830E+00,+1.2924766E+00
+62.4900E-03,+4.4856525E+00,+1.3139300E+00
+62.6200E-03,+4.4927882E+00,+1.3360947E+00
+62.7500E-03,+4.4985709E+00,+1.3617692E+00
+62.8800E-03,+4.5045470E+00,+1.3822253E+00
+63.0100E-03,+4.5086212E+00,+1.4065469E+00
+63.1400E-03,+4.5137932E+00,+1.4311624E+00
+63.2700E-03,+4.5209289E+00,+1.4577027E+00
+63.4000E-03,+4.5280646E+00,+1.4863923E+00
+63.5300E-03,+4.5326877E+00,+1.5113711E+00
+63.6600E-03,+4.5387719E+00,+1.5367441E+00
+63.7900E-03,+4.5437970E+00,+1.5675520E+00
+63.9200E-03,+4.5488222E+00,+1.5896084E+00
+64.0500E-03,+4.5536927E+00,+1.6161952E+00
+64.1800E-03,+4.5583158E+00,+1.6430294E+00
+64.3100E-03,+4.5654515E+00,+1.6739300E+00
+64.4400E-03,+4.5714352E+00,+1.7003622E+00
+64.5700E-03,+4.5772103E+00,+1.7310696E+00
+64.7000E-03,+4.5818334E+00,+1.7611121E+00
+64.8300E-03,+4.5864565E+00,+1.7921674E+00
+64.9600E-03,+4.5910796E+00,+1.8191098E+00
+65.0900E-03,+4.5940483E+00,+1.8501109E+00
+65.2200E-03,+4.6003259E+00,+1.8853332E+00
+65.3500E-03,+4.6066111E+00,+1.9163885E+00
+65.4800E-03,+4.6141488E+00,+1.9495079E+00
+65.6100E-03,+4.6167078E+00,+1.9810116E+00
+65.7400E-03,+4.6216865E+00,+2.0170920E+00
+65.8700E-03,+4.6267116E+00,+2.0514175E+00
+66.0000E-03,+4.6317367E+00,+2.0853873E+00
+66.1300E-03,+4.6352002E+00,+2.1203081E+00
+66.2600E-03,+4.6417870E+00,+2.1574864E+00
+66.3900E-03,+4.6468121E+00,+2.2000066E+00
+66.5200E-03,+4.6518372E+00,+2.2383445E+00
+66.6500E-03,+4.6568624E+00,+2.2703119E+00
+66.7800E-03,+4.6618875E+00,+2.3071887E+00
+66.9100E-03,+4.6669126E+00,+2.3493533E+00
+67.0400E-03,+4.6700746E+00,+2.3923220E+00
+67.1700E-03,+4.6744503E+00,+2.4295467E+00
+67.3000E-03,+4.6793208E+00,+2.4725153E+00
+67.4300E-03,+4.6845006E+00,+2.5132188E+00
+67.5600E-03,+4.6895257E+00,+2.5564349E+00
+67.6900E-03,+4.6957028E+00,+2.5957778E+00
+67.8200E-03,+4.6995759E+00,+2.6436170E+00
+67.9500E-03,+4.7046011E+00,+2.6904124E+00
+68.0800E-03,+4.7071136E+00,+2.7318659E+00
+68.2100E-03,+4.7116827E+00,+2.7759401E+00
+68.3400E-03,+4.7146513E+00,+2.8249235E+00
+68.4700E-03,+4.7209289E+00,+2.8715103E+00
+68.6000E-03,+4.7255520E+00,+2.9172389E+00
+68.7300E-03,+4.7301751E+00,+2.9654801E+00
+68.8600E-03,+4.7347982E+00,+3.0136749E+00
+68.9900E-03,+4.7397769E+00,+3.0594500E+00
+69.1200E-03,+4.7422895E+00,+3.1066938E+00
+69.2500E-03,+4.7473146E+00,+3.1586383E+00
+69.3800E-03,+4.7523398E+00,+3.2076371E+00
+69.5100E-03,+4.7548523E+00,+3.2574399E+00
+69.6400E-03,+4.7598774E+00,+3.3080468E+00
+69.7700E-03,+4.7671600E+00,+3.3586924E+00
+69.9000E-03,+4.7724403E+00,+3.4152676E+00
+70.0300E-03,+4.7764063E+00,+3.4665392E+00
+70.1600E-03,+4.7824905E+00,+3.5212590E+00
+70.2900E-03,+4.7850031E+00,+3.5733117E+00
+70.4200E-03,+4.7875156E+00,+3.6355768E+00
+70.5500E-03,+4.7923862E+00,+3.6885957E+00
+70.6800E-03,+4.7950533E+00,+3.7449312E+00
+70.8100E-03,+4.7991198E+00,+3.8032614E+00
+70.9400E-03,+4.8037430E+00,+3.8646220E+00
+71.0700E-03,+4.8076161E+00,+3.9275366E+00
+71.2000E-03,+4.8129892E+00,+3.9857740E+00
+71.3300E-03,+4.8176664E+00,+4.0483406E+00
+71.4600E-03,+4.8222354E+00,+4.1153681E+00
+71.5900E-03,+4.8252041E+00,+4.1766823E+00
+71.7200E-03,+4.8277166E+00,+4.2370843E+00
+71.8500E-03,+4.8302292E+00,+4.3033619E+00
+71.9800E-03,+4.8352543E+00,+4.3704512E+00
+72.1100E-03,+4.8377669E+00,+4.4334121E+00
+72.2400E-03,+4.8402795E+00,+4.5013054E+00
+72.3700E-03,+4.8445470E+00,+4.5687273E+00
+72.5000E-03,+4.8503297E+00,+4.6373782E+00
+72.6300E-03,+4.8537932E+00,+4.7041736E+00
+72.7600E-03,+4.8578674E+00,+4.7761257E+00
+72.8900E-03,+4.8628925E+00,+4.8389321E+00
+73.0200E-03,+4.8651500E+00,+4.9134586E+00
+73.1500E-03,+4.8679176E+00,+4.9869336E+00
+73.2800E-03,+4.8704302E+00,+5.0563267E+00
+73.4100E-03,+4.8739942E+00,+5.1305827E+00
+73.5400E-03,+4.8761048E+00,+5.2008029E+00
+73.6700E-03,+4.8804805E+00,+5.2712552E+00
+73.8000E-03,+4.8853510E+00,+5.3415528E+00
+73.9300E-03,+4.8899741E+00,+5.4219395E+00
+74.0600E-03,+4.8930433E+00,+5.4967287E+00
+74.1900E-03,+4.8955558E+00,+5.5729560E+00
+74.3200E-03,+4.8988183E+00,+5.6483793E+00
+74.4500E-03,+4.9009289E+00,+5.7273279E+00
+74.5800E-03,+4.9030935E+00,+5.8069182E+00
+74.7100E-03,+4.9056061E+00,+5.8821559E+00
+74.8400E-03,+4.9081187E+00,+5.9588857E+00
+74.9700E-03,+4.9106312E+00,+6.0410891E+00
+75.1000E-03,+4.9139942E+00,+6.1224574E+00
+75.2300E-03,+4.9156563E+00,+6.1975327E+00
+75.3600E-03,+4.9182153E+00,+6.2803315E+00
+75.4900E-03,+4.9228384E+00,+6.3660060E+00
+75.6200E-03,+4.9257066E+00,+6.4471269E+00
+75.7500E-03,+4.9282192E+00,+6.5330101E+00
+75.8800E-03,+4.9307317E+00,+6.6159634E+00
+76.0100E-03,+4.9332443E+00,+6.7004320E+00
+76.1400E-03,+4.9359038E+00,+6.7860214E+00
+76.2700E-03,+4.9382694E+00,+6.8707450E+00
+76.4000E-03,+4.9407820E+00,+6.9548115E+00
+76.5300E-03,+4.9432945E+00,+7.0434934E+00
+76.6600E-03,+4.9458071E+00,+7.1278381E+00
+76.7900E-03,+4.9483197E+00,+7.2121520E+00
+76.9200E-03,+4.9483197E+00,+7.2953527E+00
+77.0500E-03,+4.9508322E+00,+7.3886732E+00
+77.1800E-03,+4.9527882E+00,+7.4763731E+00
+77.3100E-03,+4.9558573E+00,+7.5585842E+00
+77.4400E-03,+4.9570093E+00,+7.6492762E+00
+77.5700E-03,+4.9583699E+00,+7.7395815E+00
+77.7000E-03,+4.9612304E+00,+7.8321597E+00
+77.8300E-03,+4.9658535E+00,+7.9100955E+00
+77.9600E-03,+4.9684202E+00,+8.0013906E+00
+78.0900E-03,+4.9709327E+00,+8.0970766E+00
+78.2200E-03,+4.9734453E+00,+8.1830604E+00
+78.3500E-03,+4.9759578E+00,+8.2673743E+00
+78.4800E-03,+4.9764063E+00,+8.3509770E+00
+78.6100E-03,+4.9809366E+00,+8.4054490E+00
+78.7400E-03,+4.9806274E+00,+8.4054490E+00
+78.8700E-03,+4.9834955E+00,+8.4054490E+00
+79.0000E-03,+4.9809830E+00,+8.4054490E+00
+79.1300E-03,+4.9784704E+00,+8.4054490E+00
+79.2600E-03,+4.9784704E+00,+8.3692601E+00
+79.3900E-03,+4.9759578E+00,+8.2786455E+00
+79.5200E-03,+4.9734453E+00,+8.1939219E+00
+79.6500E-03,+4.9709327E+00,+8.1060286E+00
+79.7800E-03,+4.9684202E+00,+8.0176018E+00
+79.9100E-03,+4.9684202E+00,+7.9250854E+00
+80.0400E-03,+4.9640445E+00,+7.8437635E+00
+80.1700E-03,+4.9608825E+00,+7.7547336E+00
+80.3000E-03,+4.9585245E+00,+7.6634309E+00
+80.4300E-03,+4.9558573E+00,+7.5743316E+00
+80.5600E-03,+4.9543034E+00,+7.4906441E+00
+80.6900E-03,+4.9521928E+00,+7.4028279E+00
+80.8200E-03,+4.9500823E+00,+7.3150351E+00
+80.9500E-03,+4.9483197E+00,+7.2274821E+00
+81.0800E-03,+4.9458071E+00,+7.1445752E+00
+81.2100E-03,+4.9432945E+00,+7.0603077E+00
+81.3400E-03,+4.9407820E+00,+6.9718190E+00
+81.4700E-03,+4.9382694E+00,+6.8904043E+00
+81.6000E-03,+4.9382694E+00,+6.8056807E+00
+81.7300E-03,+4.9353084E+00,+6.7250854E+00
+81.8600E-03,+4.9307317E+00,+6.6386996E+00
+81.9900E-03,+4.9282192E+00,+6.5572462E+00
+82.1200E-03,+4.9231940E+00,+6.4728087E+00
+82.2500E-03,+4.9218411E+00,+6.3921129E+00
+82.3800E-03,+4.9181689E+00,+6.3105125E+00
+82.5100E-03,+4.9156563E+00,+6.2237635E+00
+82.6400E-03,+4.9131438E+00,+6.1503579E+00
+82.7700E-03,+4.9106312E+00,+6.0730638E+00
+82.9000E-03,+4.9087758E+00,+5.9917650E+00
+83.0300E-03,+4.9056061E+00,+5.9103503E+00
+83.1600E-03,+4.9030935E+00,+5.8338138E+00
+83.2900E-03,+4.9005810E+00,+5.7538755E+00
+83.4200E-03,+4.8980684E+00,+5.6750739E+00
+83.5500E-03,+4.8955558E+00,+5.6003077E+00
+83.6800E-03,+4.8930433E+00,+5.5224106E+00
+83.8100E-03,+4.8880182E+00,+5.4476985E+00
+83.9400E-03,+4.8843536E+00,+5.3713165E+00
+84.0700E-03,+4.8804805E+00,+5.2986843E+00
+84.2000E-03,+4.8779679E+00,+5.2296467E+00
+84.3300E-03,+4.8729428E+00,+5.1621091E+00
+84.4600E-03,+4.8704302E+00,+5.0849772E+00
+84.5900E-03,+4.8679176E+00,+5.0177798E+00
+84.7200E-03,+4.8628925E+00,+4.9494457E+00
+84.8500E-03,+4.8603800E+00,+4.8760325E+00
+84.9800E-03,+4.8574190E+00,+4.8068327E+00
+85.1100E-03,+4.8503297E+00,+4.7368288E+00
+85.2400E-03,+4.8478171E+00,+4.6710461E+00
+85.3700E-03,+4.8427920E+00,+4.6032223E+00
+85.5000E-03,+4.8389265E+00,+4.5303039E+00
+85.6300E-03,+4.8352543E+00,+4.4660210E+00
+85.7600E-03,+4.8327418E+00,+4.4016066E+00
+85.8900E-03,+4.8300823E+00,+4.3364345E+00
+86.0200E-03,+4.8254592E+00,+4.2718114E+00
+86.1500E-03,+4.8226915E+00,+4.2102421E+00
+86.2800E-03,+4.8187255E+00,+4.1469255E+00
+86.4100E-03,+4.8166150E+00,+4.0829672E+00
+86.5400E-03,+4.8126413E+00,+4.0189935E+00
+86.6700E-03,+4.8076161E+00,+3.9567284E+00
+86.8000E-03,+4.8027456E+00,+3.8963263E+00
+86.9300E-03,+4.8000785E+00,+3.8345250E+00
+87.0600E-03,+4.7934994E+00,+3.7755223E+00
+87.1900E-03,+4.7913888E+00,+3.7187848E+00
+87.3200E-03,+4.7892783E+00,+3.6647686E+00
+87.4500E-03,+4.7846552E+00,+3.6040186E+00
+87.5800E-03,+4.7799780E+00,+3.5490437E+00
+87.7100E-03,+4.7754089E+00,+3.4977257E+00
+87.8400E-03,+4.7724403E+00,+3.4441191E+00
+87.9700E-03,+4.7686753E+00,+3.3878841E+00
+88.1000E-03,+4.7615396E+00,+3.3342081E+00
+88.2300E-03,+4.7569165E+00,+3.2846681E+00
+88.3600E-03,+4.7522933E+00,+3.2318502E+00
+88.4900E-03,+4.7476702E+00,+3.1836089E+00
+88.6200E-03,+4.7448021E+00,+3.1328552E+00
+88.7500E-03,+4.7409366E+00,+3.0857736E+00
+88.8800E-03,+4.7372644E+00,+3.0354218E+00
+89.0100E-03,+4.7322393E+00,+2.9881316E+00
+89.1400E-03,+4.7272141E+00,+2.9376716E+00
+89.2700E-03,+4.7247016E+00,+2.8959090E+00
+89.4000E-03,+4.7178210E+00,+2.8484331E+00
+89.5300E-03,+4.7131979E+00,+2.7997975E+00
+89.6600E-03,+4.7096262E+00,+2.7555147E+00
+89.7900E-03,+4.7064642E+00,+2.7093840E+00
+89.9200E-03,+4.7020885E+00,+2.6655185E+00
+90.0500E-03,+4.6995759E+00,+2.6197899E+00
+90.1800E-03,+4.6945508E+00,+2.5779731E+00
+90.3100E-03,+4.6879717E+00,+2.5364656E+00
+90.4400E-03,+4.6808361E+00,+2.4938061E+00
+90.5700E-03,+4.6762129E+00,+2.4501880E+00
+90.7000E-03,+4.6715898E+00,+2.4119430E+00
+90.8300E-03,+4.6669126E+00,+2.3729480E+00
+90.9600E-03,+4.6623436E+00,+2.3318966E+00
+91.0900E-03,+4.6577205E+00,+2.2891366E+00
+91.2200E-03,+4.6530974E+00,+2.2547030E+00
+91.3500E-03,+4.6468121E+00,+2.2194807E+00
+91.4800E-03,+4.6392744E+00,+2.1800373E+00
+91.6100E-03,+4.6342493E+00,+2.1389782E+00
+91.7400E-03,+4.6295798E+00,+2.1050083E+00
+91.8700E-03,+4.6267116E+00,+2.0667710E+00
+92.0000E-03,+4.6216865E+00,+2.0343627E+00
+92.1300E-03,+4.6182230E+00,+1.9980737E+00
+92.2600E-03,+4.6116362E+00,+1.9666164E+00
+92.3900E-03,+4.6064642E+00,+1.9326465E+00
+92.5200E-03,+4.6015860E+00,+1.8991868E+00
+92.6500E-03,+4.5947054E+00,+1.8660210E+00
+92.7800E-03,+4.5900823E+00,+1.8357621E+00
+92.9100E-03,+4.5854592E+00,+1.8093299E+00
+93.0400E-03,+4.5814855E+00,+1.7760095E+00
+93.1700E-03,+4.5764604E+00,+1.7464154E+00
+93.3000E-03,+4.5715898E+00,+1.7174706E+00
+93.4300E-03,+4.5664101E+00,+1.6904819E+00
+93.5600E-03,+4.5598310E+00,+1.6595812E+00
+93.6900E-03,+4.5538473E+00,+1.6306365E+00
+93.8200E-03,+4.5488222E+00,+1.6074668E+00
+93.9500E-03,+4.5459617E+00,+1.5802847E+00
+94.0800E-03,+4.5388260E+00,+1.5538525E+00
+94.2100E-03,+4.5337468E+00,+1.5269643E+00
+94.3400E-03,+4.5270672E+00,+1.4984757E+00
+94.4700E-03,+4.5211840E+00,+1.4720435E+00
+94.6000E-03,+4.5153084E+00,+1.4481239E+00
+94.7300E-03,+4.5086212E+00,+1.4196276E+00
+94.8600E-03,+4.5035960E+00,+1.4002383E+00
+94.9900E-03,+4.4989265E+00,+1.3734970E+00
+95.1200E-03,+4.4943034E+00,+1.3524455E+00
+95.2500E-03,+4.4871677E+00,+1.3298789E+00
+95.3800E-03,+4.4809830E+00,+1.3039956E+00
+95.5100E-03,+4.4754089E+00,+1.2862608E+00
+95.6400E-03,+4.4684202E+00,+1.2594266E+00
+95.7700E-03,+4.4636501E+00,+1.2403852E+00
+95.9000E-03,+4.4608825E+00,+1.2176640E+00
+96.0300E-03,+4.4544039E+00,+1.2000837E+00
+96.1600E-03,+4.4487293E+00,+1.1772156E+00
+96.2900E-03,+4.4407820E+00,+1.1604316E+00
+96.4200E-03,+4.4355094E+00,+1.1386226E+00
+96.5500E-03,+4.4283737E+00,+1.1218387E+00
+96.6800E-03,+4.4231940E+00,+1.1000296E+00
+96.8100E-03,+4.4166150E+00,+1.0822871E+00
+96.9400E-03,+4.4094793E+00,+1.0614367E+00
+97.0700E-03,+4.4023436E+00,+1.0471653E+00
+97.2000E-03,+4.3955558E+00,+1.0303814E+00
+97.3300E-03,+4.3905307E+00,+1.0110849E+00
+97.4600E-03,+4.3855056E+00,+994.7571E-03
+97.5900E-03,+4.3788260E+00,+977.5171E-03
+97.7200E-03,+4.3729428E+00,+963.2457E-03
+97.8500E-03,+4.3654051E+00,+946.4618E-03
+97.9800E-03,+4.3599315E+00,+930.1263E-03
+98.1100E-03,+4.3527959E+00,+915.4065E-03
+98.2400E-03,+4.3456602E+00,+898.2670E-03
+98.3700E-03,+4.3410371E+00,+883.5936E-03
+98.5000E-03,+4.3364139E+00,+865.0548E-03
+98.6300E-03,+4.3317908E+00,+851.7343E-03
+98.7600E-03,+4.3246552E+00,+839.0246E-03
+98.8900E-03,+4.3175195E+00,+824.7532E-03
+99.0200E-03,+4.3103838E+00,+810.2268E-03
+99.1500E-03,+4.3057607E+00,+798.0660E-03
+99.2800E-03,+4.3000785E+00,+784.4517E-03
+99.4100E-03,+4.2940019E+00,+768.7193E-03
+99.5400E-03,+4.2868662E+00,+758.4216E-03
+99.6700E-03,+4.2797305E+00,+741.8851E-03
+99.8000E-03,+4.2724403E+00,+729.8789E-03
+99.9300E-03,+4.2674151E+00,+720.0760E-03
+100.0600E-03,+4.2623900E+00,+706.3613E-03
+100.1900E-03,+4.2562129E+00,+693.2419E-03
+100.3200E-03,+4.2490773E+00,+683.5936E-03
+100.4500E-03,+4.2422895E+00,+673.5975E-03
+100.5800E-03,+4.2348059E+00,+659.3261E-03
+100.7100E-03,+4.2276702E+00,+649.6238E-03
+100.8400E-03,+4.2230471E+00,+639.9755E-03
+100.9700E-03,+4.2171639E+00,+627.8147E-03
+101.1000E-03,+4.2112883E+00,+615.6539E-03
+101.2300E-03,+4.2041526E+00,+608.5183E-03
+101.3600E-03,+4.1970170E+00,+598.9164E-03
+101.4900E-03,+4.1895257E+00,+589.2218E-03
+101.6200E-03,+4.1845006E+00,+577.8186E-03
+101.7500E-03,+4.1794754E+00,+569.9253E-03
+101.8800E-03,+4.1744503E+00,+561.2280E-03
+102.0100E-03,+4.1688763E+00,+553.1414E-03
+102.1400E-03,+4.1617406E+00,+543.3462E-03
+102.2700E-03,+4.1520923E+00,+533.8449E-03
+102.4000E-03,+4.1474692E+00,+526.0521E-03
+102.5300E-03,+4.1417870E+00,+519.5735E-03
+102.6600E-03,+4.1382230E+00,+507.4127E-03
+102.7900E-03,+4.1310873E+00,+500.2771E-03
+102.9200E-03,+4.1216865E+00,+490.8762E-03
+103.0500E-03,+4.1166614E+00,+485.8511E-03
+103.1800E-03,+4.1091237E+00,+478.8700E-03
+103.3100E-03,+4.1025446E+00,+468.2632E-03
+103.4400E-03,+4.0965609E+00,+458.4216E-03
+103.5700E-03,+4.0907858E+00,+449.9253E-03
+103.7000E-03,+4.0811376E+00,+445.3022E-03
+103.8300E-03,+4.0740019E+00,+435.7080E-03
+103.9600E-03,+4.0668662E+00,+428.5183E-03
+104.0900E-03,+4.0638976E+00,+421.3826E-03
+104.2200E-03,+4.0576200E+00,+414.2469E-03
+104.3500E-03,+4.0513347E+00,+407.9617E-03
+104.4800E-03,+4.0437971E+00,+402.4881E-03
+104.6100E-03,+4.0362129E+00,+397.8650E-03
+104.7400E-03,+4.0290773E+00,+390.3737E-03
+104.8700E-03,+4.0219416E+00,+383.5936E-03
+105.0000E-03,+4.0186714E+00,+377.8109E-03
+105.1300E-03,+4.0101828E+00,+372.7858E-03
+105.2600E-03,+4.0030471E+00,+367.7607E-03
+105.3900E-03,+3.9959114E+00,+362.7355E-03
+105.5200E-03,+3.9887758E+00,+357.9655E-03
+105.6500E-03,+3.9834955E+00,+352.6853E-03
+105.7800E-03,+3.9784704E+00,+346.2067E-03
+105.9100E-03,+3.9723939E+00,+340.1225E-03
+106.0400E-03,+3.9652582E+00,+335.0973E-03
+106.1700E-03,+3.9581225E+00,+330.0722E-03
+106.3000E-03,+3.9509868E+00,+327.5597E-03
+106.4300E-03,+3.9458071E+00,+323.0911E-03
+106.5600E-03,+3.9392280E+00,+318.4680E-03
+106.6900E-03,+3.9320923E+00,+313.8449E-03
+106.8200E-03,+3.9267193E+00,+309.2218E-03
+106.9500E-03,+3.9178210E+00,+302.0861E-03
+107.0800E-03,+3.9106312E+00,+297.4630E-03
+107.2100E-03,+3.9056061E+00,+294.8963E-03
+107.3400E-03,+3.8989265E+00,+289.8712E-03
+107.4700E-03,+3.8930433E+00,+287.3587E-03
+107.6000E-03,+3.8871677E+00,+283.9956E-03
+107.7300E-03,+3.8795836E+00,+279.8210E-03
+107.8600E-03,+3.8728964E+00,+277.2620E-03
+107.9900E-03,+3.8657607E+00,+270.1263E-03
+108.1200E-03,+3.8603800E+00,+265.5032E-03
+108.2500E-03,+3.8540019E+00,+260.8801E-03
+108.3800E-03,+3.8468662E+00,+254.6953E-03
+108.5100E-03,+3.8397305E+00,+251.6338E-03
+108.6400E-03,+3.8302292E+00,+247.1576E-03
+108.7700E-03,+3.8229466E+00,+244.6451E-03
+108.9000E-03,+3.8183235E+00,+239.6200E-03
+109.0300E-03,+3.8126413E+00,+237.1074E-03
+109.1600E-03,+3.8040521E+00,+233.5434E-03
+109.2900E-03,+3.7969165E+00,+229.5697E-03
+109.4200E-03,+3.7900282E+00,+224.5446E-03
+109.5500E-03,+3.7826451E+00,+219.6740E-03
+109.6800E-03,+3.7799780E+00,+217.5635E-03
+109.8100E-03,+3.7733989E+00,+214.4943E-03
+109.9400E-03,+3.7662632E+00,+210.8298E-03
+110.0700E-03,+3.7591275E+00,+209.4692E-03
+110.2000E-03,+3.7498272E+00,+206.9566E-03
+110.3300E-03,+3.7448562E+00,+204.4441E-03
+110.4600E-03,+3.7402330E+00,+199.8750E-03
+110.5900E-03,+3.7330974E+00,+197.7645E-03
+110.7200E-03,+3.7259617E+00,+194.3938E-03
+110.8500E-03,+3.7188260E+00,+191.8813E-03
+110.9800E-03,+3.7116903E+00,+188.9203E-03
+111.1100E-03,+3.7046011E+00,+186.8561E-03
+111.2400E-03,+3.6995760E+00,+182.1866E-03
+111.3700E-03,+3.6927959E+00,+179.3185E-03
+111.5000E-03,+3.6881727E+00,+175.4529E-03
+111.6300E-03,+3.6810371E+00,+174.2933E-03
+111.7600E-03,+3.6719378E+00,+169.2682E-03
+111.8900E-03,+3.6667657E+00,+169.2682E-03
+112.0200E-03,+3.6618875E+00,+166.7556E-03
+112.1500E-03,+3.6550069E+00,+164.2431E-03
+112.2800E-03,+3.6493247E+00,+162.7896E-03
+112.4100E-03,+3.6407356E+00,+160.6791E-03
+112.5400E-03,+3.6335999E+00,+159.2180E-03
+112.6700E-03,+3.6264642E+00,+154.1928E-03
+112.8000E-03,+3.6193285E+00,+151.8348E-03
+112.9300E-03,+3.6141488E+00,+151.6803E-03
+113.0600E-03,+3.6066111E+00,+149.1677E-03
+113.1900E-03,+3.5979215E+00,+148.0157E-03
+113.3200E-03,+3.5907858E+00,+145.9052E-03
+113.4500E-03,+3.5839981E+00,+141.6300E-03
+113.5800E-03,+3.5789729E+00,+139.1174E-03
+113.7100E-03,+3.5739478E+00,+139.1174E-03
+113.8400E-03,+3.5647557E+00,+136.6049E-03
+113.9700E-03,+3.5576200E+00,+135.3524E-03
+114.1000E-03,+3.5504843E+00,+134.0923E-03
+114.2300E-03,+3.5437971E+00,+131.5798E-03
+114.3600E-03,+3.5387719E+00,+131.5333E-03
+114.4900E-03,+3.5341024E+00,+129.0672E-03
+114.6200E-03,+3.5262091E+00,+126.5546E-03
+114.7500E-03,+3.5186714E+00,+124.0421E-03
+114.8800E-03,+3.5101828E+00,+124.0421E-03
+115.0100E-03,+3.5035961E+00,+121.5295E-03
+115.1400E-03,+3.4985709E+00,+121.5295E-03
+115.2700E-03,+3.4938009E+00,+121.5295E-03
+115.4000E-03,+3.4866652E+00,+119.0169E-03
+115.5300E-03,+3.4770170E+00,+116.5044E-03
+115.6600E-03,+3.4698813E+00,+116.5044E-03
+115.7900E-03,+3.4652582E+00,+115.8549E-03
+115.9200E-03,+3.4583699E+00,+113.7444E-03
+116.0500E-03,+3.4534994E+00,+111.4793E-03
+116.1800E-03,+3.4463637E+00,+112.0358E-03
+116.3100E-03,+3.4392280E+00,+111.4793E-03
+116.4400E-03,+3.4320923E+00,+108.9667E-03
+116.5700E-03,+3.4249567E+00,+108.9667E-03
+116.7000E-03,+3.4203336E+00,+106.1062E-03
+116.8300E-03,+3.4131979E+00,+103.9416E-03
+116.9600E-03,+3.4085748E+00,+103.9416E-03
+117.0900E-03,+3.4005810E+00,+101.4290E-03
+117.2200E-03,+3.3917908E+00,+98.9164E-03
+117.3500E-03,+3.3846552E+00,+98.9164E-03
+117.4800E-03,+3.3800320E+00,+96.4039E-03
+117.6100E-03,+3.3729428E+00,+96.4039E-03
+117.7400E-03,+3.3657607E+00,+93.8913E-03
+117.8700E-03,+3.3586250E+00,+93.8913E-03
+118.0000E-03,+3.3514893E+00,+92.5384E-03
+118.1300E-03,+3.3443537E+00,+91.3788E-03
+118.2600E-03,+3.3377669E+00,+89.4151E-03
+118.3900E-03,+3.3327418E+00,+88.8662E-03
+118.5200E-03,+3.3277167E+00,+88.8662E-03
+118.6500E-03,+3.3183235E+00,+88.8662E-03
+118.7800E-03,+3.3126413E+00,+87.4127E-03
+118.9100E-03,+3.3051036E+00,+86.3536E-03
+119.0400E-03,+3.2994290E+00,+86.3536E-03
+119.1700E-03,+3.2948059E+00,+86.3536E-03
+119.3000E-03,+3.2875157E+00,+86.3536E-03
+119.4300E-03,+3.2780220E+00,+86.3536E-03
+119.5600E-03,+3.2708863E+00,+85.3950E-03
+119.6900E-03,+3.2623900E+00,+83.8411E-03
+119.8200E-03,+3.2566150E+00,+83.8411E-03
+119.9500E-03,+3.2498272E+00,+83.8411E-03
+120.0800E-03,+3.2423436E+00,+83.7870E-03
+120.2100E-03,+3.2352079E+00,+81.7846E-03
+120.3400E-03,+3.2272141E+00,+81.3285E-03
+120.4700E-03,+3.2221890E+00,+81.3285E-03
+120.6000E-03,+3.2171639E+00,+81.3285E-03
+120.7300E-03,+3.2121388E+00,+81.3285E-03
+120.8600E-03,+3.2046011E+00,+81.2821E-03
+120.9900E-03,+3.1974190E+00,+78.8159E-03
+121.1200E-03,+3.1902833E+00,+78.8159E-03
+121.2500E-03,+3.1831476E+00,+78.8159E-03
+121.3800E-03,+3.1785245E+00,+77.2543E-03
+121.5100E-03,+3.1739014E+00,+76.3034E-03
+121.6400E-03,+3.1667657E+00,+76.3034E-03
+121.7700E-03,+3.1596300E+00,+76.3034E-03
+121.9000E-03,+3.1518373E+00,+73.7908E-03
+122.0300E-03,+3.1453587E+00,+72.3374E-03
+122.1600E-03,+3.1392745E+00,+71.2783E-03
+122.2900E-03,+3.1335999E+00,+69.4151E-03
+122.4200E-03,+3.1264642E+00,+68.7657E-03
+122.5500E-03,+3.1193285E+00,+68.7657E-03
+122.6800E-03,+3.1096803E+00,+68.7657E-03
+122.8100E-03,+3.1050572E+00,+67.8071E-03
+122.9400E-03,+3.0990734E+00,+66.2531E-03
+123.0700E-03,+3.0940483E+00,+66.2531E-03
+123.2000E-03,+3.0886753E+00,+66.2531E-03
+123.3300E-03,+3.0814855E+00,+66.3072E-03
+123.4600E-03,+3.0744039E+00,+66.2531E-03
+123.5900E-03,+3.0664101E+00,+66.2531E-03
+123.7200E-03,+3.0601325E+00,+64.9930E-03
+123.8500E-03,+3.0555094E+00,+65.4027E-03
+123.9800E-03,+3.0508863E+00,+63.7406E-03
+124.1100E-03,+3.0437506E+00,+63.6941E-03
+124.2400E-03,+3.0341024E+00,+61.2280E-03
+124.3700E-03,+3.0269667E+00,+61.2280E-03
+124.5000E-03,+3.0211840E+00,+59.8750E-03
+124.6300E-03,+3.0152079E+00,+60.2771E-03
+124.7600E-03,+3.0086212E+00,+58.7154E-03
+124.8900E-03,+3.0034491E+00,+58.7154E-03
+125.0200E-03,+2.9938009E+00,+58.7154E-03
+125.1500E-03,+2.9866652E+00,+58.0583E-03
+125.2800E-03,+2.9795295E+00,+57.6563E-03
+125.4100E-03,+2.9749064E+00,+56.2029E-03
+125.5400E-03,+2.9677707E+00,+56.2029E-03
+125.6700E-03,+2.9606351E+00,+55.9554E-03
+125.8000E-03,+2.9509868E+00,+56.2029E-03
+125.9300E-03,+2.9438511E+00,+56.2029E-03
+126.0600E-03,+2.9382694E+00,+56.2029E-03
+126.1900E-03,+2.9320923E+00,+56.2029E-03
+126.3200E-03,+2.9257066E+00,+56.2029E-03
+126.4500E-03,+2.9178210E+00,+56.2029E-03
+126.5800E-03,+2.9106853E+00,+53.7444E-03
+126.7100E-03,+2.9035496E+00,+54.1464E-03
+126.8400E-03,+2.8980684E+00,+53.6903E-03
+126.9700E-03,+2.8917908E+00,+53.6903E-03
+127.1000E-03,+2.8855056E+00,+53.6903E-03
+127.2300E-03,+2.8775195E+00,+54.1388E-03
+127.3600E-03,+2.8703838E+00,+56.2029E-03
+127.4900E-03,+2.8632481E+00,+53.6903E-03
+127.6200E-03,+2.8561125E+00,+53.6903E-03
+127.7500E-03,+2.8528423E+00,+53.6903E-03
+127.8800E-03,+2.8468662E+00,+53.6903E-03
+128.0100E-03,+2.8397305E+00,+53.6903E-03
+128.1400E-03,+2.8300823E+00,+53.6903E-03
+128.2700E-03,+2.8229466E+00,+53.6903E-03
+128.4000E-03,+2.8158109E+00,+53.6903E-03
+128.5300E-03,+2.8101287E+00,+53.6903E-03
+128.6600E-03,+2.8040521E+00,+53.6903E-03
+128.7900E-03,+2.7944039E+00,+53.6903E-03
+128.9200E-03,+2.7872682E+00,+53.6903E-03
+129.0500E-03,+2.7801326E+00,+53.6903E-03
+129.1800E-03,+2.7749528E+00,+53.6903E-03
+129.3100E-03,+2.7683738E+00,+52.7317E-03
+129.4400E-03,+2.7612381E+00,+52.5384E-03
+129.5700E-03,+2.7541024E+00,+51.1778E-03
+129.7000E-03,+2.7448021E+00,+51.1778E-03
+129.8300E-03,+2.7397770E+00,+51.1778E-03
+129.9600E-03,+2.7326954E+00,+48.6652E-03
+130.0900E-03,+2.7272142E+00,+49.5233E-03
+130.2200E-03,+2.7209366E+00,+48.6652E-03
+130.3500E-03,+2.7112883E+00,+48.6652E-03
+130.4800E-03,+2.7041527E+00,+48.6652E-03
+130.6100E-03,+2.6970170E+00,+48.6652E-03
+130.7400E-03,+2.6898813E+00,+48.6652E-03
+130.8700E-03,+2.6827456E+00,+46.1526E-03
+131.0000E-03,+2.6730974E+00,+48.6652E-03
+131.1300E-03,+2.6659617E+00,+48.6652E-03
+131.2600E-03,+2.6593750E+00,+46.7016E-03
+131.3900E-03,+2.6542029E+00,+48.6652E-03
+131.5200E-03,+2.6495798E+00,+48.6652E-03
+131.6500E-03,+2.6417870E+00,+48.6652E-03
+131.7800E-03,+2.6342493E+00,+48.6652E-03
+131.9100E-03,+2.6256602E+00,+48.6652E-03
+132.0400E-03,+2.6191740E+00,+48.6652E-03
+132.1700E-03,+2.6139014E+00,+48.6652E-03
+132.3000E-03,+2.6091237E+00,+48.6652E-03
+132.4300E-03,+2.6015860E+00,+48.6652E-03
+132.5600E-03,+2.5924944E+00,+48.6652E-03
+132.6900E-03,+2.5853587E+00,+48.6652E-03
+132.8200E-03,+2.5789729E+00,+50.4278E-03
+132.9500E-03,+2.5735999E+00,+48.6652E-03
+133.0800E-03,+2.5664642E+00,+48.6652E-03
+133.2100E-03,+2.5593285E+00,+48.6652E-03
+133.3400E-03,+2.5521929E+00,+48.6652E-03
+133.4700E-03,+2.5437971E+00,+47.4127E-03
+133.6000E-03,+2.5379215E+00,+47.8147E-03
+133.7300E-03,+2.5312343E+00,+46.1526E-03
+133.8600E-03,+2.5261627E+00,+46.1991E-03
+133.9900E-03,+2.5186714E+00,+46.1526E-03
+134.1200E-03,+2.5093788E+00,+46.1526E-03
+134.2500E-03,+2.5022431E+00,+46.1526E-03
+134.3800E-03,+2.4976200E+00,+46.1526E-03
+134.5100E-03,+2.4910333E+00,+46.1526E-03
+134.6400E-03,+2.4858612E+00,+46.1526E-03
+134.7700E-03,+2.4787255E+00,+46.1526E-03
+134.9000E-03,+2.4690773E+00,+46.1526E-03
+135.0300E-03,+2.4633951E+00,+46.1526E-03
+135.1600E-03,+2.4573185E+00,+46.1526E-03
+135.2900E-03,+2.4508322E+00,+46.1526E-03
+135.4200E-03,+2.4455597E+00,+46.1526E-03
+135.5500E-03,+2.4384240E+00,+46.1526E-03
+135.6800E-03,+2.4287758E+00,+46.1526E-03
+135.8100E-03,+2.4216401E+00,+46.1526E-03
+135.9400E-03,+2.4156564E+00,+43.6401E-03
+136.0700E-03,+2.4098813E+00,+45.4027E-03
+136.2000E-03,+2.4027456E+00,+45.8047E-03
+136.3300E-03,+2.3956099E+00,+43.6401E-03
+136.4600E-03,+2.3884743E+00,+43.6401E-03
+136.5900E-03,+2.3804805E+00,+43.6401E-03
+136.7200E-03,+2.3742029E+00,+43.6401E-03
+136.8500E-03,+2.3695798E+00,+43.6401E-03
+136.9800E-03,+2.3628926E+00,+43.6401E-03
+137.1100E-03,+2.3553084E+00,+43.6401E-03
+137.2400E-03,+2.3478172E+00,+43.6401E-03
+137.3700E-03,+2.3410371E+00,+43.6401E-03
+137.5000E-03,+2.3352544E+00,+43.6401E-03
+137.6300E-03,+2.3302292E+00,+43.6401E-03
+137.7600E-03,+2.3246552E+00,+43.6401E-03
+137.8900E-03,+2.3175195E+00,+43.6401E-03
+138.0200E-03,+2.3078712E+00,+43.6401E-03
+138.1500E-03,+2.3007356E+00,+43.6401E-03
+138.2800E-03,+2.2950534E+00,+43.6401E-03
+138.4100E-03,+2.2889768E+00,+43.6401E-03
+138.5400E-03,+2.2799780E+00,+43.6401E-03
+138.6700E-03,+2.2724403E+00,+43.6401E-03
+138.8000E-03,+2.2674152E+00,+41.2821E-03
+138.9300E-03,+2.2579215E+00,+43.6401E-03
+139.0600E-03,+2.2532984E+00,+42.0861E-03
+139.1900E-03,+2.2461627E+00,+41.1275E-03
+139.3200E-03,+2.2390270E+00,+41.1275E-03
+139.4500E-03,+2.2318913E+00,+41.1275E-03
+139.5800E-03,+2.2247016E+00,+41.1275E-03
+139.7100E-03,+2.2176200E+00,+41.1275E-03
+139.8400E-03,+2.2121388E+00,+41.1275E-03
+139.9700E-03,+2.2058612E+00,+41.1275E-03
+140.1000E-03,+2.1987255E+00,+41.1275E-03
+140.2300E-03,+2.1915898E+00,+41.1275E-03
+140.3600E-03,+2.1819880E+00,+43.6401E-03
+140.4900E-03,+2.1769629E+00,+43.6401E-03
+140.6200E-03,+2.1719378E+00,+41.1275E-03
+140.7500E-03,+2.1669127E+00,+43.6401E-03
+140.8800E-03,+2.1584240E+00,+43.6401E-03
+141.0100E-03,+2.1512883E+00,+43.6401E-03
+141.1400E-03,+2.1441527E+00,+43.6401E-03
+141.2700E-03,+2.1370170E+00,+43.6401E-03
+141.4000E-03,+2.1323939E+00,+43.6401E-03
+141.5300E-03,+2.1277707E+00,+43.6401E-03
+141.6600E-03,+2.1206351E+00,+43.6401E-03
+141.7900E-03,+2.1128499E+00,+43.6401E-03
+141.9200E-03,+2.1038511E+00,+43.6401E-03
+142.0500E-03,+2.0967155E+00,+43.6401E-03
+142.1800E-03,+2.0920924E+00,+43.6401E-03
+142.3100E-03,+2.0849567E+00,+43.6401E-03
+142.4400E-03,+2.0778210E+00,+43.6401E-03
+142.5700E-03,+2.0681728E+00,+45.4027E-03
+142.7000E-03,+2.0610371E+00,+43.9880E-03
+142.8300E-03,+2.0539014E+00,+43.6941E-03
+142.9600E-03,+2.0492783E+00,+43.6401E-03
+143.0900E-03,+2.0437971E+00,+43.6401E-03
+143.2200E-03,+2.0350069E+00,+43.6401E-03
+143.3500E-03,+2.0278712E+00,+43.6401E-03
+143.4800E-03,+2.0207356E+00,+43.6401E-03
+143.6100E-03,+2.0135999E+00,+43.6401E-03
+143.7400E-03,+2.0086212E+00,+43.2845E-03
+143.8700E-03,+2.0018411E+00,+43.6401E-03
+144.0000E-03,+1.9935458E+00,+43.6401E-03
+144.1300E-03,+1.9850572E+00,+42.0785E-03
+144.2600E-03,+1.9784704E+00,+43.6401E-03
+144.3900E-03,+1.9732984E+00,+43.6401E-03
+144.5200E-03,+1.9661627E+00,+43.6401E-03
+144.6500E-03,+1.9608825E+00,+43.6401E-03
+144.7800E-03,+1.9518914E+00,+42.1866E-03
+144.9100E-03,+1.9447557E+00,+43.6401E-03
+145.0400E-03,+1.9376200E+00,+43.6401E-03
+145.1700E-03,+1.9307318E+00,+43.6401E-03
+145.3000E-03,+1.9258612E+00,+43.6401E-03
+145.4300E-03,+1.9206815E+00,+43.6401E-03
+145.5600E-03,+1.9115898E+00,+43.6401E-03
+145.6900E-03,+1.9044542E+00,+41.1275E-03
+145.8200E-03,+1.8973185E+00,+41.1275E-03
+145.9500E-03,+1.8905307E+00,+41.1275E-03
+146.0800E-03,+1.8855056E+00,+41.1275E-03
+146.2100E-03,+1.8784240E+00,+41.1275E-03
+146.3400E-03,+1.8712883E+00,+41.1275E-03
+146.4700E-03,+1.8616401E+00,+41.1275E-03
+146.6000E-03,+1.8553549E+00,+41.1275E-03
+146.7300E-03,+1.8498813E+00,+41.1275E-03
+146.8600E-03,+1.8427921E+00,+41.1275E-03
+146.9900E-03,+1.8356099E+00,+41.1275E-03
+147.1200E-03,+1.8284743E+00,+41.1275E-03
+147.2500E-03,+1.8213386E+00,+41.1275E-03
+147.3800E-03,+1.8142029E+00,+41.1275E-03
+147.5100E-03,+1.8095798E+00,+41.1275E-03
+147.6400E-03,+1.8025910E+00,+41.1275E-03
+147.7700E-03,+1.7953084E+00,+43.3850E-03
+147.9000E-03,+1.7881728E+00,+41.1275E-03
+148.0300E-03,+1.7810371E+00,+41.1275E-03
+148.1600E-03,+1.7739014E+00,+41.1275E-03
+148.2900E-03,+1.7692783E+00,+43.6401E-03
+148.4200E-03,+1.7621426E+00,+41.1275E-03
+148.5500E-03,+1.7548524E+00,+43.6401E-03
+148.6800E-03,+1.7453587E+00,+43.0835E-03
+148.8100E-03,+1.7382230E+00,+43.6401E-03
+148.9400E-03,+1.7322393E+00,+43.6401E-03
+149.0700E-03,+1.7272142E+00,+43.6401E-03
+149.2000E-03,+1.7193285E+00,+43.6401E-03
+149.3300E-03,+1.7121929E+00,+43.6401E-03
+149.4600E-03,+1.7025446E+00,+43.6401E-03
+149.5900E-03,+1.6954089E+00,+43.6401E-03
+149.7200E-03,+1.6907858E+00,+43.6401E-03
+149.8500E-03,+1.6836501E+00,+43.6401E-03
+149.9800E-03,+1.6790270E+00,+43.6401E-03
+150.1100E-03,+1.6693788E+00,+46.1062E-03
+150.2400E-03,+1.6622431E+00,+43.6401E-03
+150.3700E-03,+1.6551074E+00,+43.6401E-03
+150.5000E-03,+1.6493247E+00,+43.6401E-03
+150.6300E-03,+1.6442996E+00,+43.6401E-03
+150.7600E-03,+1.6387255E+00,+43.6401E-03
+150.8900E-03,+1.6290773E+00,+43.6401E-03
+151.0200E-03,+1.6194290E+00,+43.6401E-03
+151.1500E-03,+1.6141488E+00,+41.1275E-03
+151.2800E-03,+1.6091237E+00,+42.1866E-03
+151.4100E-03,+1.6030471E+00,+42.5886E-03
+151.5400E-03,+1.5940483E+00,+41.7769E-03
+151.6700E-03,+1.5887758E+00,+41.1275E-03
+151.8000E-03,+1.5791275E+00,+41.1275E-03
+151.9300E-03,+1.5739478E+00,+41.1275E-03
+152.0600E-03,+1.5673687E+00,+41.1275E-03
+152.1900E-03,+1.5613850E+00,+41.1275E-03
+152.3200E-03,+1.5530974E+00,+41.1275E-03
+152.4500E-03,+1.5459617E+00,+41.1275E-03
+152.5800E-03,+1.5388260E+00,+41.1275E-03
+152.7100E-03,+1.5337468E+00,+41.1275E-03
+152.8400E-03,+1.5262091E+00,+42.7820E-03
+152.9700E-03,+1.5199316E+00,+42.3800E-03
+153.1000E-03,+1.5127959E+00,+41.1275E-03
+153.2300E-03,+1.5056602E+00,+41.1275E-03
+153.3600E-03,+1.4960584E+00,+43.6401E-03
+153.4900E-03,+1.4910333E+00,+41.1275E-03
+153.6200E-03,+1.4867657E+00,+42.8825E-03
+153.7500E-03,+1.4784704E+00,+42.2871E-03
+153.8800E-03,+1.4699818E+00,+43.6401E-03
+154.0100E-03,+1.4628461E+00,+41.1275E-03
+154.1400E-03,+1.4557104E+00,+41.1275E-03
+154.2700E-03,+1.4508323E+00,+43.6401E-03
+154.4000E-03,+1.4458071E+00,+41.1275E-03
+154.5300E-03,+1.4393285E+00,+41.1275E-03
+154.6600E-03,+1.4321929E+00,+41.1275E-03
+154.7900E-03,+1.4225446E+00,+41.1275E-03
+154.9200E-03,+1.4154089E+00,+41.1275E-03
+155.0500E-03,+1.4106313E+00,+41.1275E-03
+155.1800E-03,+1.4036501E+00,+41.1275E-03
+155.3100E-03,+1.3980684E+00,+41.1275E-03
+155.4400E-03,+1.3893788E+00,+39.9755E-03
+155.5700E-03,+1.3822431E+00,+41.1275E-03
+155.7000E-03,+1.3751074E+00,+41.1275E-03
+155.8300E-03,+1.3679718E+00,+41.1275E-03
+155.9600E-03,+1.3628926E+00,+39.0710E-03
+156.0900E-03,+1.3537004E+00,+41.1275E-03
+156.2200E-03,+1.3465647E+00,+39.8674E-03
+156.3500E-03,+1.3394290E+00,+41.1275E-03
+156.4800E-03,+1.3327418E+00,+41.1275E-03
+156.6100E-03,+1.3277167E+00,+41.1275E-03
+156.7400E-03,+1.3226916E+00,+41.1275E-03
+156.8700E-03,+1.3159115E+00,+41.1275E-03
+157.0000E-03,+1.3062632E+00,+42.2871E-03
+157.1300E-03,+1.2991275E+00,+41.1275E-03
+157.2600E-03,+1.2925408E+00,+41.1275E-03
+157.3900E-03,+1.2873687E+00,+41.1275E-03
+157.5200E-03,+1.2802331E+00,+41.1275E-03
+157.6500E-03,+1.2730974E+00,+41.1275E-03
+157.7800E-03,+1.2670208E+00,+41.1275E-03
+157.9100E-03,+1.2588260E+00,+40.0760E-03
+158.0400E-03,+1.2523398E+00,+38.6149E-03
+158.1700E-03,+1.2470672E+00,+40.8801E-03
+158.3000E-03,+1.2422895E+00,+41.1275E-03
+158.4300E-03,+1.2347519E+00,+40.5709E-03
+158.5600E-03,+1.2256602E+00,+41.1275E-03
+158.6900E-03,+1.2185245E+00,+41.1275E-03
+158.8200E-03,+1.2139014E+00,+40.3775E-03
+158.9500E-03,+1.2071137E+00,+41.1275E-03
+159.0800E-03,+1.2021426E+00,+41.1275E-03
+159.2100E-03,+1.1950069E+00,+41.1275E-03
+159.3400E-03,+1.1878713E+00,+41.1275E-03
+159.4700E-03,+1.1807356E+00,+41.1275E-03
+159.6000E-03,+1.1735999E+00,+41.1275E-03
+159.7300E-03,+1.1689768E+00,+41.1275E-03
+159.8600E-03,+1.1643537E+00,+41.0811E-03
+159.9900E-03,+1.1572180E+00,+41.1275E-03
+160.1200E-03,+1.1500823E+00,+39.3725E-03
+160.2500E-03,+1.1429466E+00,+41.1275E-03
+160.3800E-03,+1.1358110E+00,+38.6149E-03
+160.5100E-03,+1.1311878E+00,+41.1275E-03
+160.6400E-03,+1.1265647E+00,+38.6149E-03
+160.7700E-03,+1.1191740E+00,+38.6149E-03
+160.9000E-03,+1.1116363E+00,+38.6149E-03
+161.0300E-03,+1.1051577E+00,+38.6149E-03
+161.1600E-03,+1.0955094E+00,+38.6149E-03
+161.2900E-03,+1.0908863E+00,+38.6149E-03
+161.4200E-03,+1.0839981E+00,+38.6149E-03
+161.5500E-03,+1.0789730E+00,+38.7695E-03
+161.6800E-03,+1.0694793E+00,+41.1275E-03
+161.8100E-03,+1.0613850E+00,+40.1689E-03
+161.9400E-03,+1.0552079E+00,+41.1275E-03
+162.0700E-03,+1.0488222E+00,+41.1275E-03
+162.2000E-03,+1.0434491E+00,+41.1275E-03
+162.3300E-03,+1.0387720E+00,+41.1275E-03
+162.4600E-03,+1.0312343E+00,+41.1275E-03
+162.5900E-03,+1.0220421E+00,+42.7820E-03
+162.7200E-03,+1.0149064E+00,+41.1275E-03
+162.8500E-03,+1.0077708E+00,+41.1275E-03
+162.9800E-03,+1.0031476E+00,+41.1275E-03
+163.1100E-03,+993.5458E-03,+41.1739E-03
+163.2400E-03,+984.2067E-03,+43.6401E-03
+163.3700E-03,+976.7155E-03,+43.6401E-03
+163.5000E-03,+970.9328E-03,+43.6401E-03
+163.6300E-03,+964.9567E-03,+43.6401E-03
+163.7600E-03,+957.8210E-03,+43.6401E-03
+163.8900E-03,+950.5384E-03,+43.6401E-03
+164.0200E-03,+941.0371E-03,+43.6401E-03
+164.1500E-03,+933.9014E-03,+43.6401E-03
+164.2800E-03,+926.7657E-03,+43.6401E-03
+164.4100E-03,+920.6815E-03,+43.6401E-03
+164.5400E-03,+915.0069E-03,+43.6401E-03
+164.6700E-03,+907.8713E-03,+43.6401E-03
+164.8000E-03,+898.2230E-03,+43.6401E-03
+164.9300E-03,+891.0873E-03,+43.0835E-03
+165.0600E-03,+886.4642E-03,+41.1275E-03
+165.1900E-03,+880.4805E-03,+42.4881E-03
+165.3200E-03,+872.9428E-03,+41.1275E-03
+165.4500E-03,+865.0572E-03,+41.1275E-03
+165.5800E-03,+857.9215E-03,+41.1275E-03
+165.7100E-03,+850.7858E-03,+41.1275E-03
+165.8400E-03,+846.1627E-03,+41.1275E-03
+165.9700E-03,+840.2795E-03,+41.1275E-03
+166.1000E-03,+832.7418E-03,+41.1275E-03
+166.2300E-03,+824.7557E-03,+41.1275E-03
+166.3600E-03,+817.6200E-03,+41.1275E-03
+166.4900E-03,+810.4843E-03,+41.1275E-03
+166.6200E-03,+805.8612E-03,+41.1275E-03
+166.7500E-03,+801.2381E-03,+41.1275E-03
+166.8800E-03,+792.5408E-03,+41.1275E-03
+167.0100E-03,+786.9667E-03,+41.1275E-03
+167.1400E-03,+777.4654E-03,+41.1275E-03
+167.2700E-03,+772.4403E-03,+41.1275E-03
+167.4000E-03,+767.4152E-03,+41.1275E-03
+167.5300E-03,+762.3901E-03,+40.0684E-03
+167.6600E-03,+756.3135E-03,+38.6149E-03
+167.7900E-03,+749.1778E-03,+38.6149E-03
+167.9200E-03,+742.0421E-03,+38.6149E-03
+168.0500E-03,+734.7519E-03,+41.1275E-03
+168.1800E-03,+727.7708E-03,+38.6149E-03
+168.3100E-03,+722.1891E-03,+38.6149E-03
+168.4400E-03,+716.0120E-03,+38.6149E-03
+168.5700E-03,+708.8763E-03,+38.6149E-03
+168.7000E-03,+701.7406E-03,+38.6149E-03
+168.8300E-03,+692.0924E-03,+38.6149E-03
+168.9600E-03,+687.4692E-03,+39.0710E-03
+169.0900E-03,+682.8461E-03,+40.2694E-03
+169.2200E-03,+675.7105E-03,+41.1275E-03
+169.3500E-03,+668.5748E-03,+38.6149E-03
+169.4800E-03,+661.4391E-03,+41.1275E-03
+169.6100E-03,+654.3034E-03,+41.1275E-03
+169.7400E-03,+647.1677E-03,+41.1275E-03
+169.8700E-03,+642.5446E-03,+41.1275E-03
+170.0000E-03,+635.4089E-03,+41.1275E-03
+170.1300E-03,+628.2733E-03,+41.1275E-03
+170.2600E-03,+618.6250E-03,+41.1275E-03
+170.3900E-03,+611.4893E-03,+41.1275E-03
+170.5200E-03,+604.3537E-03,+41.3826E-03
+170.6500E-03,+599.0735E-03,+41.1275E-03
+170.7800E-03,+592.5949E-03,+41.1275E-03
+170.9100E-03,+582.9466E-03,+41.1275E-03
+171.0400E-03,+575.8110E-03,+41.1275E-03
+171.1700E-03,+568.6753E-03,+43.6401E-03
+171.3000E-03,+563.8976E-03,+43.6401E-03
+171.4300E-03,+556.9165E-03,+43.6401E-03
+171.5600E-03,+551.3348E-03,+43.6401E-03
+171.6900E-03,+542.6451E-03,+43.6401E-03
+171.8200E-03,+535.5094E-03,+43.6401E-03
+171.9500E-03,+528.7217E-03,+43.6401E-03
+172.0800E-03,+523.7507E-03,+43.6401E-03
+172.2100E-03,+519.1275E-03,+43.6401E-03
+172.3400E-03,+511.9919E-03,+43.6401E-03
+172.4700E-03,+503.6037E-03,+43.6401E-03
+172.6000E-03,+496.8700E-03,+42.7896E-03
+172.7300E-03,+488.5207E-03,+41.1275E-03
+172.8600E-03,+483.4491E-03,+41.1275E-03
+172.9900E-03,+478.4705E-03,+41.1275E-03
+173.1200E-03,+471.6904E-03,+41.1275E-03
+173.2500E-03,+462.0421E-03,+41.1275E-03
+173.3800E-03,+454.9064E-03,+41.1275E-03
+173.5100E-03,+447.7708E-03,+41.1275E-03
+173.6400E-03,+440.7820E-03,+41.1275E-03
+173.7700E-03,+433.4994E-03,+40.8724E-03
+173.9000E-03,+426.3637E-03,+41.1275E-03
+174.0300E-03,+419.2280E-03,+41.1275E-03
+174.1600E-03,+410.6313E-03,+41.1275E-03
+174.2900E-03,+407.4692E-03,+41.1275E-03
+174.4200E-03,+402.8461E-03,+41.1275E-03
+174.5500E-03,+395.7105E-03,+41.1275E-03
+174.6800E-03,+388.5748E-03,+40.5709E-03
+174.8100E-03,+381.4391E-03,+41.1275E-03
+174.9400E-03,+374.3034E-03,+39.7669E-03
+175.0700E-03,+367.9177E-03,+41.1275E-03
+175.2000E-03,+362.5446E-03,+41.1275E-03
+175.3300E-03,+357.9215E-03,+41.1275E-03
+175.4600E-03,+350.7858E-03,+41.1275E-03
+175.5900E-03,+341.1376E-03,+41.1275E-03
+175.7200E-03,+334.0019E-03,+41.1275E-03
+175.8500E-03,+326.8662E-03,+41.1275E-03
+175.9800E-03,+320.1790E-03,+41.1275E-03
+176.1100E-03,+315.1074E-03,+41.1275E-03
+176.2400E-03,+305.4592E-03,+41.1275E-03
+176.3700E-03,+298.3235E-03,+41.1275E-03
+176.5000E-03,+291.1878E-03,+41.1275E-03
+176.6300E-03,+284.0522E-03,+41.1275E-03
+176.7600E-03,+277.4654E-03,+41.1275E-03
+176.8900E-03,+272.2934E-03,+41.1275E-03
+177.0200E-03,+262.6451E-03,+41.1275E-03
+177.1500E-03,+255.5095E-03,+39.2720E-03
+177.2800E-03,+248.3738E-03,+39.6740E-03
+177.4100E-03,+243.7507E-03,+40.0760E-03
+177.5400E-03,+237.2644E-03,+38.6149E-03
+177.6700E-03,+229.4793E-03,+40.8801E-03
+177.8000E-03,+222.3436E-03,+38.7695E-03
+177.9300E-03,+214.6514E-03,+40.5709E-03
+178.0600E-03,+208.0723E-03,+38.6149E-03
+178.1900E-03,+202.0886E-03,+41.1275E-03
+178.3200E-03,+197.0634E-03,+41.1275E-03
+178.4500E-03,+191.3424E-03,+41.1275E-03
+178.5800E-03,+182.0421E-03,+41.1275E-03
+178.7100E-03,+174.4504E-03,+41.1275E-03
+178.8400E-03,+166.9127E-03,+41.1275E-03
+178.9700E-03,+161.8875E-03,+41.1275E-03
+179.1000E-03,+156.0120E-03,+41.1275E-03
+179.2300E-03,+148.8763E-03,+41.1275E-03
+179.3600E-03,+139.2745E-03,+38.6614E-03
+179.4900E-03,+132.0924E-03,+38.9705E-03
+179.6200E-03,+127.4693E-03,+41.1275E-03
+179.7500E-03,+121.6865E-03,+41.1275E-03
+179.8800E-03,+115.7105E-03,+38.6149E-03
+180.0100E-03,+108.5748E-03,+38.6149E-03
+180.1400E-03,+101.4391E-03,+38.6149E-03
+180.2700E-03,+94.0484E-03,+38.6149E-03
+180.4000E-03,+87.1677E-03,+41.1275E-03
+180.5300E-03,+82.5446E-03,+39.6740E-03
+180.6600E-03,+76.4604E-03,+38.6149E-03
+180.7900E-03,+70.1364E-03,+38.6149E-03
+180.9200E-03,+61.1376E-03,+38.6149E-03
+181.0500E-03,+54.0019E-03,+38.7695E-03
+181.1800E-03,+46.8662E-03,+40.5709E-03
+181.3100E-03,+42.2431E-03,+41.1275E-03
+181.4400E-03,+37.6200E-03,+41.1275E-03
+181.5700E-03,+28.7217E-03,+41.1275E-03
+181.7000E-03,+20.8361E-03,+41.1275E-03
+181.8300E-03,+13.7004E-03,+41.0734E-03
+181.9600E-03,+8.6212E-03,+41.1275E-03
+182.0900E-03,+1.9416E-03,+38.6149E-03
+182.2200E-03,-3.9416E-03,+38.6149E-03
+182.3500E-03,-9.8172E-03,+38.6149E-03
+182.4800E-03,-16.9529E-03,+38.6149E-03
+182.6100E-03,-24.0421E-03,+38.6149E-03
+182.7400E-03,-28.7117E-03,+38.6149E-03
+182.8700E-03,-34.0923E-03,+38.6149E-03
+183.0000E-03,-36.6049E-03,+38.6149E-03
+183.1300E-03,-36.6049E-03,+38.6149E-03
+183.2600E-03,-34.0923E-03,+38.6149E-03
+183.3900E-03,-36.4580E-03,+38.6149E-03
+183.5200E-03,-36.3498E-03,+38.6149E-03
+183.6500E-03,-36.6049E-03,+39.2720E-03
+183.7800E-03,-36.6049E-03,+41.1275E-03
+183.9100E-03,-35.1438E-03,+40.0760E-03
+184.0400E-03,-34.7418E-03,+41.1275E-03
+184.1700E-03,-36.6049E-03,+41.1275E-03
+184.3000E-03,-36.6049E-03,+41.1275E-03
+184.4300E-03,-36.6049E-03,+41.1275E-03
+184.5600E-03,-35.6463E-03,+41.1275E-03
+184.6900E-03,-36.6049E-03,+41.1275E-03
+184.8200E-03,-36.6049E-03,+41.1275E-03
+184.9500E-03,-36.6049E-03,+41.1275E-03
+185.0800E-03,-36.6049E-03,+41.1275E-03
+185.2100E-03,-39.1175E-03,+41.1275E-03
+185.3400E-03,-39.1175E-03,+41.1275E-03
+185.4700E-03,-37.8650E-03,+41.1275E-03
+185.6000E-03,-39.1175E-03,+41.1275E-03
+185.7300E-03,-39.1175E-03,+41.1275E-03
+185.8600E-03,-39.1175E-03,+41.1275E-03
+185.9900E-03,-39.1175E-03,+41.1275E-03
+186.1200E-03,-39.1175E-03,+41.1275E-03
+186.2500E-03,-40.4704E-03,+41.1275E-03
+186.3800E-03,-39.1175E-03,+41.1275E-03
+186.5100E-03,-41.6300E-03,+41.1275E-03
+186.6400E-03,-41.4831E-03,+41.1275E-03
+186.7700E-03,-41.6300E-03,+41.1275E-03
+186.9000E-03,-41.6300E-03,+41.1275E-03
+187.0300E-03,-41.6300E-03,+41.1275E-03
+187.1600E-03,-41.6300E-03,+41.1275E-03
+187.2900E-03,-41.6300E-03,+41.1275E-03
+187.4200E-03,-41.6300E-03,+41.1275E-03
+187.5500E-03,-41.6300E-03,+41.1275E-03
+187.6800E-03,-41.6300E-03,+41.1275E-03
+187.8100E-03,-41.6300E-03,+41.1275E-03
+187.9400E-03,-41.6300E-03,+41.1275E-03
+188.0700E-03,-40.8801E-03,+41.1275E-03
+188.2000E-03,-41.6300E-03,+41.1275E-03
+188.3300E-03,-41.5760E-03,+41.1275E-03
+188.4600E-03,-39.5735E-03,+41.1275E-03
+188.5900E-03,-41.6300E-03,+40.2694E-03
+188.7200E-03,-41.6300E-03,+38.6149E-03
+188.8500E-03,-41.6300E-03,+40.2770E-03
+188.9800E-03,-41.1816E-03,+41.1275E-03
+189.1100E-03,-39.1639E-03,+41.0811E-03
+189.2400E-03,-41.2745E-03,+38.6149E-03
+189.3700E-03,-41.6300E-03,+38.6149E-03
+189.5000E-03,-40.2771E-03,+39.9679E-03
+189.6300E-03,-41.6300E-03,+38.6149E-03
+189.7600E-03,-41.6300E-03,+41.1275E-03
+189.8900E-03,-41.6300E-03,+41.1275E-03
+190.0200E-03,-41.6300E-03,+41.1275E-03
+190.1500E-03,-41.6300E-03,+39.2720E-03
+190.2800E-03,-41.6300E-03,+41.1275E-03
+190.4100E-03,-39.1175E-03,+41.1275E-03
+190.5400E-03,-39.1175E-03,+38.6149E-03
+190.6700E-03,-39.1175E-03,+38.6149E-03
+190.8000E-03,-39.1175E-03,+38.6149E-03
+190.9300E-03,-39.1175E-03,+38.6149E-03
+191.0600E-03,-38.1589E-03,+38.6149E-03
+191.1900E-03,-36.6049E-03,+38.6149E-03
+191.3200E-03,-36.6049E-03,+38.6149E-03
+191.4500E-03,-36.6049E-03,+38.6149E-03
+191.5800E-03,-36.6049E-03,+38.6149E-03
+191.7100E-03,-36.6049E-03,+38.6149E-03
+191.8400E-03,-36.6049E-03,+38.6149E-03
+191.9700E-03,-36.6049E-03,+38.6149E-03
+192.1000E-03,-36.6049E-03,+39.4654E-03
+192.2300E-03,-36.6049E-03,+39.0634E-03
+192.3600E-03,-36.6049E-03,+38.6614E-03
+192.4900E-03,-36.6049E-03,+40.7719E-03
+192.6200E-03,-36.6049E-03,+41.1275E-03
+192.7500E-03,-36.6049E-03,+41.1275E-03
+192.8800E-03,-36.6049E-03,+41.1275E-03
+193.0100E-03,-36.6049E-03,+41.1275E-03
+193.1400E-03,-36.7519E-03,+41.1275E-03
+193.2700E-03,-39.1175E-03,+41.1275E-03
+193.4000E-03,-37.2620E-03,+41.1275E-03
+193.5300E-03,-37.6640E-03,+41.1275E-03
+193.6600E-03,-39.1175E-03,+41.1275E-03
+193.7900E-03,-39.1175E-03,+41.1275E-03
+193.9200E-03,-39.1175E-03,+41.3749E-03
+194.0500E-03,-39.1175E-03,+43.6401E-03
+194.1800E-03,-39.1175E-03,+43.6401E-03
+194.3100E-03,-39.1175E-03,+43.6401E-03
+194.4400E-03,-39.1175E-03,+43.6401E-03
+194.5700E-03,-39.1175E-03,+43.6401E-03
+194.7000E-03,-39.1175E-03,+43.6401E-03
+194.8300E-03,-39.1175E-03,+43.6401E-03
+194.9600E-03,-39.1175E-03,+43.6401E-03
+195.0900E-03,-39.1175E-03,+43.6401E-03
+195.2200E-03,-39.1175E-03,+43.6401E-03
+195.3500E-03,-39.9679E-03,+43.6401E-03
+195.4800E-03,-41.1816E-03,+43.6401E-03
+195.6100E-03,-39.1175E-03,+43.6401E-03
+195.7400E-03,-39.1175E-03,+43.6401E-03
+195.8700E-03,-39.1175E-03,+43.6401E-03
+196.0000E-03,-37.9579E-03,+43.6401E-03
+196.1300E-03,-39.1175E-03,+43.6401E-03
+196.2600E-03,-37.1539E-03,+43.6401E-03
+196.3900E-03,-36.6049E-03,+43.6401E-03
+196.5200E-03,-36.6049E-03,+43.6401E-03
+196.6500E-03,-36.6049E-03,+41.1275E-03
+196.7800E-03,-35.1514E-03,+41.1275E-03
+196.9100E-03,-34.0923E-03,+41.1275E-03
+197.0400E-03,-34.0923E-03,+41.1275E-03
+197.1700E-03,-34.0923E-03,+41.1275E-03
+197.3000E-03,-34.0923E-03,+41.1275E-03
+197.4300E-03,-33.5358E-03,+41.1275E-03
+197.5600E-03,-34.0923E-03,+41.1275E-03
+197.6900E-03,-32.9404E-03,+41.1275E-03
+197.8200E-03,-34.0923E-03,+41.1275E-03
+197.9500E-03,-34.0923E-03,+41.1275E-03
+198.0800E-03,-34.0923E-03,+41.1275E-03
+198.2100E-03,-34.0923E-03,+41.1275E-03
+198.3400E-03,-34.0923E-03,+41.1275E-03
+198.4700E-03,-34.0923E-03,+41.1275E-03
+198.6000E-03,-34.0923E-03,+42.7896E-03
+198.7300E-03,-34.0923E-03,+41.1275E-03
+198.8600E-03,-34.0923E-03,+41.1275E-03
+198.9900E-03,-36.2493E-03,+41.1275E-03
+199.1200E-03,-34.0923E-03,+41.1275E-03
+199.2500E-03,-36.6049E-03,+41.1275E-03
+199.3800E-03,-36.6049E-03,+41.1275E-03
+199.5100E-03,-36.6049E-03,+43.6401E-03
+199.6400E-03,-36.6049E-03,+43.6401E-03
+199.7700E-03,-36.6049E-03,+43.6401E-03
+199.9000E-03,-36.6049E-03,+43.6401E-03
+200.0300E-03,-36.6049E-03,+43.6401E-03
+200.1600E-03,-36.6049E-03,+43.6401E-03
+200.2900E-03,-39.1175E-03,+43.6401E-03
+200.4200E-03,-36.8524E-03,+43.6401E-03
+200.5500E-03,-38.9629E-03,+43.6401E-03
+200.6800E-03,-39.1175E-03,+43.6401E-03
+200.8100E-03,-39.1175E-03,+43.6401E-03
+200.9400E-03,-39.1175E-03,+43.6401E-03
+201.0700E-03,-39.1175E-03,+43.6401E-03
+201.2000E-03,-39.1175E-03,+43.6401E-03
+201.3300E-03,-36.6049E-03,+43.6401E-03
+201.4600E-03,-39.1175E-03,+43.6401E-03
+201.5900E-03,-39.1175E-03,+43.6401E-03
+201.7200E-03,-39.1175E-03,+43.6401E-03
+201.8500E-03,-37.4554E-03,+43.6401E-03
+201.9800E-03,-39.1175E-03,+43.6401E-03
+202.1100E-03,-39.1175E-03,+41.1739E-03
+202.2400E-03,-39.1175E-03,+41.1275E-03
+202.3700E-03,-39.1175E-03,+41.1275E-03
+202.5000E-03,-39.1175E-03,+41.1275E-03
+202.6300E-03,-39.1175E-03,+41.1275E-03
+202.7600E-03,-39.1175E-03,+41.1275E-03
+202.8900E-03,-39.1175E-03,+41.1275E-03
+203.0200E-03,-39.1175E-03,+41.1275E-03
+203.1500E-03,-39.1175E-03,+41.1275E-03
+203.2800E-03,-39.1175E-03,+41.1275E-03
+203.4100E-03,-39.1175E-03,+41.1275E-03
+203.5400E-03,-39.1175E-03,+41.1275E-03
+203.6700E-03,-39.1175E-03,+41.1275E-03
+203.8000E-03,-39.1175E-03,+41.1275E-03
+203.9300E-03,-39.1175E-03,+41.1275E-03
+204.0600E-03,-39.1175E-03,+41.1275E-03
+204.1900E-03,-39.1175E-03,+41.1275E-03
+204.3200E-03,-39.1175E-03,+41.1275E-03
+204.4500E-03,-39.1175E-03,+41.1275E-03
+204.5800E-03,-39.1175E-03,+41.1275E-03
+204.7100E-03,-39.1175E-03,+41.1275E-03
+204.8400E-03,-39.1175E-03,+41.1275E-03
+204.9700E-03,-40.3699E-03,+41.1275E-03
+205.1000E-03,-39.1175E-03,+41.1275E-03
+205.2300E-03,-39.1175E-03,+41.1275E-03
+205.3600E-03,-39.1175E-03,+38.6149E-03
+205.4900E-03,-39.1175E-03,+38.6149E-03
+205.6200E-03,-39.1175E-03,+41.1275E-03
+205.7500E-03,-39.1175E-03,+39.9679E-03
+205.8800E-03,-40.6791E-03,+41.1275E-03
+206.0100E-03,-39.6664E-03,+41.1275E-03
+206.1400E-03,-41.4831E-03,+41.1275E-03
+206.2700E-03,-39.3725E-03,+40.8724E-03
+206.4000E-03,-39.1175E-03,+41.1275E-03
+206.5300E-03,-39.1175E-03,+41.1275E-03
+206.6600E-03,-40.1689E-03,+41.1275E-03
+206.7900E-03,-41.6300E-03,+41.1275E-03
+206.9200E-03,-39.1175E-03,+41.1275E-03
+207.0500E-03,-41.4755E-03,+41.1275E-03
+207.1800E-03,-41.0735E-03,+41.1275E-03
+207.3100E-03,-41.6300E-03,+41.1275E-03
+207.4400E-03,-40.4781E-03,+41.1275E-03
+207.5700E-03,-41.6300E-03,+41.8775E-03
+207.7000E-03,-41.6300E-03,+41.1275E-03
+207.8300E-03,-41.6300E-03,+41.1275E-03
+207.9600E-03,-39.5735E-03,+41.1275E-03
+208.0900E-03,-41.6300E-03,+41.1275E-03
+208.2200E-03,-41.6300E-03,+41.1275E-03
+208.3500E-03,-39.1175E-03,+41.1275E-03
+208.4800E-03,-39.1175E-03,+41.1275E-03
+208.6100E-03,-39.1175E-03,+41.1275E-03
+208.7400E-03,-39.1175E-03,+41.1275E-03
+208.8700E-03,,
